cookie_id,score
ck_315fb710a0e371e7,0.00329846385666589
ck_a76ee3b3e3e522fd,0.05236410527973358
ck_94c9a4d382689e82,0.02739586354530927
ck_8eaf9509ad9462a0,0.010897110366478866
ck_9a88a5a989cb5bc6,0.008641793122577943
ck_15239ef0689c1a35,0.004125969188531325
ck_8de69cd219d3b87f,0.25762658972404245
ck_f92cd37022b0ce21,0.016363900082372998
ck_1a3ff7620580a514,0.0051548198236135425
ck_397c03aa33a57310,0.12750616931618153
ck_a7cf6c3b322f6b7a,0.019469209170510354
ck_c39a9e75760e3201,0.06448484831236774
ck_88ab6d245228c38e,0.0022397468934453584
ck_17733f75ebdea93e,0.04931571690084708
ck_58eb871e8d7bed52,0.06062418033545037
ck_e55b7fa67db1ec27,0.01238861386167799
ck_62f5cfe22c952694,0.044203342259704785
ck_7fbb709a0fe95759,0.013224454303630952
ck_87abe9cd066a20fb,0.03500757182236055
ck_d58e058b5c553dd5,0.018268147120551772
ck_d27b872648b71202,0.0028597976440842116
ck_4b4a3c5b95c55b43,0.006108547040205838
ck_66dd4f4b4127256d,0.004771322401029903
ck_93cc12703b500613,0.04334753412577516
ck_d28806a2179092eb,0.9972578065319588
ck_0595c2a0c7881e05,0.04660648393041155
ck_50087d8666191144,0.03400180966894915
ck_b08b3f089138c901,0.00801291806255862
ck_fe3b67041dad2dd1,0.019828930977898573
ck_8449a28f7d475d93,0.02836362619705339
ck_8642e3b6d84f49d3,0.023060642821980403
ck_e49b5e4f2f2e79db,0.6695187223332381
ck_437afe412ea4259c,0.10430356115695506
ck_569b83668d74042d,0.0728564303478156
ck_233a487d31c3e631,0.9919788014916103
ck_1fca72e03143a645,0.8332889997862013
ck_79205e31223df2ad,0.015235069015684525
ck_9625a64406ea16e3,0.05087566359434971
ck_079bd18dacb704a8,0.19986510397941581
ck_4db6d4fd2b49aa81,0.0077841373327015625
ck_0dbefdac0a1868fb,0.010591613766401628
ck_24ff97ad90bdd69a,0.08435828922542679
ck_77f8c5042065d506,0.011036148189203628
ck_f11be8ce05382cec,0.07270001745675185
ck_c9d72140b0389216,0.03138606836301442
ck_69eda24e931fb36a,0.005037157004482089
ck_ed471e496916ee15,0.022584774602601818
ck_ff090498c4b17ac3,0.002285895665912246
ck_c3c19d6a0720915c,0.005667976869888153
ck_af02e1817cfa40b5,0.5389697180855425
ck_2df5a9fc87553eb1,0.0007854153753564787
ck_4ac918e884cff336,0.040609312869377245
ck_ca149244b54ef3ad,0.0026001429175084314
ck_6babe5b8674ff51f,0.0012556190336238222
ck_1573878386886290,0.005239000881951685
ck_3925f8565abb7fe4,0.01604952380815076
ck_c4de808ae69c771f,0.004090135796877939
ck_a777c813551281fe,0.019738302890911576
ck_df4424f6dd85080d,0.0652191698785763
ck_85e5494ec20383ae,0.045094608266379343
ck_f71a4094e889c3af,0.013571338150639399
ck_f2f3cf9cd23b2809,0.08445727378039054
ck_18e2076397bcc211,0.03577031965519231
ck_c9f9fddef39bc664,0.02556206897867193
ck_7e826e233d6ea028,0.012907333884297902
ck_62fd7eb46bee9210,0.017751899491446912
ck_206f8e3cd72768f3,0.03001892936299922
ck_aa295a11b0a6ab36,0.004918795222853146
ck_9a56739d81f84a53,0.023151730373859387
ck_aa075c418ed9fe5a,0.03520835943003505
ck_62b9fb3db284941b,0.05467363049037641
ck_f4f83b1403ebea46,0.017339108297891086
ck_16b66bd803288bc3,0.26694670454874914
ck_c4ca1434f3778f1d,0.968388786607567
ck_1b823610371a29c0,0.008720064996484079
ck_c2bd5a722aa637d9,0.09526862262546981
ck_7890208951df34f0,0.04175942506367765
ck_020eb0e454524ecd,0.002122396165293061
ck_3b66196ccf436c35,0.0030772087511713557
ck_109fc467ec0a4af5,0.10389293791325453
ck_f3dcd818db92de7b,0.0203561272209362
ck_31e7742f160980ef,0.012211193215262234
ck_77fce5f86f00b8f4,0.17676865429587127
ck_46bc797b4d07d607,0.026600867680901252
ck_37899b1b571b1c6b,0.007703260554629732
ck_ef8a6af43fedd464,0.036710861767828944
ck_bcc8519fe8521038,0.04343022445866924
ck_90696b7182dd9129,0.004057882582927236
ck_4a24ad61d017e1ba,0.03131641070008697
ck_0acc3d8c67218b9d,0.0739560707269907
ck_05c97fc9de11aba6,0.04854111076758739
ck_f8ac3a0500c0ec62,0.005790899939346415
ck_617b65141f546a1c,0.03801778405596046
ck_9d00823bf60388d7,0.01035945168076818
ck_123c15d93f1840f2,0.32481700206265657
ck_573feefba6bf78bb,0.10779287569525511
ck_b25657bd16739036,0.0033280059769744547
ck_bd26d2bef14a8597,0.006806150933339655
ck_a553418f2fba1440,0.005066100827958231
ck_89f3e380b0686963,0.028052394879734918
ck_b359192aa659bdce,0.007448655378360445
ck_02241f3dc301bebf,0.007417448298910526
ck_5ccc1a1c78cb33ee,0.05607404244351988
ck_349cc5edda1b8853,0.08978419070648
ck_e9f228845bf6e28b,0.02890631666886542
ck_0a45d033d4e280ea,0.042667292799918675
ck_7e63168dda612235,0.0018473224386435637
ck_676fa5f6aae5475b,0.05237964657583405
ck_74b502b20690ccfe,0.026888465932395533
ck_073509af21dd7f5f,0.7575827381198076
ck_498a0acd450944d8,0.011891842240449323
ck_7f15b50b29dead01,0.05209130655164643
ck_8089fe7403c5f537,0.012838686714115645
ck_05b2b04e11d9ae9c,0.006655557393104755
ck_31e70f2f04b48b88,0.007597524529896443
ck_994316fa5a02b319,0.005471416525736281
ck_b76510998b9a2260,0.015750002210169266
ck_4db95c310e105d30,0.011586080600593598
ck_6f730b77dc6cdb84,0.11983869067834473
ck_2493ee8e7b91d304,0.02972048634905743
ck_92d679d6ac7dcdcb,0.08494329509834066
ck_3a0e0200cbb185cb,0.4331434443580168
ck_0b2eeb4e00ff7955,0.0229459517652034
ck_9843d0e61c37ebe8,0.9960252893593718
ck_e61c8721e3ef1921,0.0026127962658103075
ck_2e0eedaaf2980c2c,0.1630918158854308
ck_9036b2e5e9298a34,0.21534093180645972
ck_3265442528d51728,0.11326562799022567
ck_f2ddae2eb1cb29b4,0.03509829491538664
ck_6cfa71d27fc27f92,0.011959920974464867
ck_f3199fbe84a28b9a,0.02240122008433196
ck_b78d785ca3ef773a,0.01160063364783997
ck_374865697f1480eb,0.015510781231701552
ck_06d0e4a9189302a9,0.03417300504250149
ck_9c9884b9bcaa552e,0.07482181405744937
ck_fd4cf578e87703ff,0.027871442321803074
ck_1917ef3e6e345549,0.08754859506254889
ck_e70418b00cbbbac9,0.04309043218689963
ck_a60388296a47062c,0.03675211017931175
ck_d598fe8d2c779ab9,0.017294720665362612
ck_646dc03de4c31803,0.5183379907552013
ck_e4fd8cbd842b6993,0.01021117740468279
ck_2225b555aa2a42ed,0.02072703873823818
ck_6be8ae9d78148882,0.007510332130547219
ck_4199342d3aca74e8,0.0683567385705301
ck_779581adb573261f,0.0740887710970767
ck_bb303568b6915205,0.01624087184136062
ck_17c4296276448afe,0.019769628643797773
ck_a60a61ac829252a0,0.0031711278357948788
ck_6ea70950c1cae00b,0.9984756110879269
ck_1abb93f6924645e1,0.03436862681945328
ck_faab769cce19879a,0.02125026449847488
ck_d5b8e74e7ca6355a,0.02752922291896047
ck_f11f7691af16ad07,0.004536779133636651
ck_188fdf2be7c92e9d,0.9980225482776189
ck_4a103f8254b366f7,0.06946931619088498
ck_bfa17a0b1760e616,0.0031133443497836414
ck_a4d7f6a5869d440a,0.8315036960365793
ck_58e20f5a3e7f11b8,0.951649135038052
ck_4becdd3d2696c7ba,0.003387292309827122
ck_dad5cf32ab9f243f,0.08528477772295535
ck_7d9f73dc7c4f90c3,0.16439158960230704
ck_c19371047a2d011d,0.010520102183245427
ck_247589ff532f7aa8,0.003423278912363665
ck_7a9f241d5f082567,0.01729492182698445
ck_0a2b7078736b4dda,0.002363063423975444
ck_687b412e2aac7eb6,0.0068628411428946975
ck_fce0b6855886a0b8,0.012503855453448499
ck_e291cc60920456d0,0.01702847935571656
ck_04219a7ea798db51,0.012592925243566915
ck_286bfd719836e9f3,0.0966280770075598
ck_55efc92394fee232,0.011465789831407289
ck_e36c8da1bd359960,0.0323575362893864
ck_34b0988a97d96902,0.007939994665478517
ck_e0fb11fc9dcb34e6,0.0026058098441004733
ck_bcc9cbc9ed8b7c31,0.010464910355264083
ck_3df8da6f60a89a5b,0.07034713551702781
ck_b1495ee5c59a6b28,0.014153046973702713
ck_58f4c3ac61fda129,0.06136832073042196
ck_735f244b99e3aa8d,0.010257982664562395
ck_6b93bd8abf87b1d6,0.964929212567263
ck_12107dacc6d05bd1,0.01603494511231865
ck_f96db2a1f3448d1f,0.018193597220433167
ck_8fd91a3c99e19097,0.0032032890333405246
ck_910205d25388a0ae,0.004184832410942845
ck_d229dfa0e4442628,0.004058324018067062
ck_7cdec61e1c488798,0.023650777776546415
ck_f66f06e24ff32671,0.03331722129430681
ck_350bf14e90b503f5,0.014028982233051162
ck_61fff5fdaadd394b,0.0037884300651177265
ck_e934f984bad2ff91,0.46256987514619985
ck_ff6a6d3547dd2d37,0.012615421376943369
ck_65ad9b15979e3247,0.0068374704846672464
ck_bbe1a2ea5a403ad8,0.09432859889064915
ck_6f3a28eecd2c4031,0.012065377304021869
ck_a89b66665714058f,0.004695613761825149
ck_918c92182b6817cd,0.013190733779502018
ck_64f5eb4be9e7b8fa,0.175018396970427
ck_d021fd497ea35fb2,0.009231587271367324
ck_004de16f7d8a42ae,0.029443697001033997
ck_a33d2325f86ab12d,0.018318000115838756
ck_89790ff26c844bc6,0.039034155262898586
ck_e6e7257377c37b28,0.048098440055687634
ck_a2cc3910a641a808,0.44450509169475955
ck_646e270e0195bf05,0.010163115193348804
ck_baba5d66def0d770,0.08844742855413212
ck_67cdcdda3033842d,0.01689228534934944
ck_b5c3075c811a2216,0.03910729908136113
ck_515379973a8044b8,0.0592669499359552
ck_c0ce85fb4109567d,0.015276420124233156
ck_fef850553862aaca,0.020452450922664185
ck_55d7217b0aff9fa2,0.019104965992494297
ck_8e139f8925ef7968,0.007201567250854104
ck_9e35b908fca1e4d7,0.028509298349904854
ck_59735f4ab2ad3da5,0.02447029827180814
ck_dc569c1167ccec0d,0.4458523329517805
ck_1dade5592f90a15c,0.020690391468713147
ck_793048d11fb8b328,0.08628706694693192
ck_545b71eb4fa594b5,0.010720550490832398
ck_bd30853e9a57b544,0.03513691991210116
ck_59f46321ecf6d306,0.022332164977998274
ck_260cfe9141d249f1,0.11713589190431382
ck_3365a0ad1a8aa83c,0.0022983912407518433
ck_b0ef193195a2138b,0.005053515331066652
ck_0f909705e2e60f2f,0.01269338024385187
ck_5a540b75c866166a,0.012648409803872662
ck_87c26b2f41025109,0.999119015275817
ck_27acc9f320cda104,0.1859738682161215
ck_a27bc31eecd9cb9a,0.005614118291063044
ck_115d86fabde77b65,0.012940566233774193
ck_eeca179341d56f8a,0.2080613724877926
ck_8e5999c436cf037e,0.006667203097775195
ck_510e7c5df1f95d90,0.9942275449706531
ck_f1acf73363925958,0.005495748431319794
ck_3c177f5970b68bd3,0.018703730480121333
ck_9cdfaa1c30cc9d32,0.008158882907918419
ck_c8efa1538b37c359,0.054264063762933044
ck_a8a2e296f9804bd7,0.01835903636028817
ck_91a0ca45f429568d,0.01255060626471847
ck_5fdf8a0bdbd3ed62,0.02150516609150108
ck_0f4e2ec66d50da5f,0.016991893151618597
ck_28c53b214b2ee882,0.11690312271400786
ck_003148504557f720,0.06951837963658888
ck_01d840cffb870615,0.06069002568699594
ck_555848d51f4b5f35,0.01898066144332926
ck_df20cc23b8fb8e22,0.024829475667843874
ck_f9604adde929beff,0.027547547154921113
ck_d66952b03591bdec,0.0566507337911777
ck_ddcac1ab765ff61a,0.03455054563995403
ck_347386629d96c664,0.018584718865702527
ck_ab01db9117acfe3d,0.011834308774784495
ck_58e5359efc52e0ad,0.04597278483244477
ck_1a524b5cc8da71b3,0.08062824591295098
ck_e9287b6d909d731f,0.002132171966671924
ck_bb41a66e3d90263b,0.08403062483519658
ck_e95c8cc1864bd584,0.012501334813101984
ck_7a3f2961e9a8b6dc,0.05560117503469124
ck_378a9df82b1e0bee,0.3923561790542762
ck_42633573639a3f02,0.8304942570006392
ck_2a5a4c18c2c7274b,0.013349569230618466
ck_77549c1a41f837c3,0.007106027047652981
ck_a26704b5b26258b7,0.018110943680973796
ck_9874ad160efddf50,0.00431125854289452
ck_9111e3a04b14dfba,0.05533528792820905
ck_651e076ee43aea85,0.04210622798341523
ck_391639c0f13932f3,0.010806880877163796
ck_02dbabda93c8c13d,0.05187853975628785
ck_0adcb1fffcb0a34b,0.014747107327835083
ck_7a43ef9c7b1c67b5,0.01780346004202027
ck_4b9dd69946438d0b,0.006283329187255005
ck_90bf017cdd37b66e,0.02062287212631448
ck_61c74163eb36556e,0.007071956640427654
ck_13376c59b5bd6943,0.0077270851762794406
ck_62337eccb1672737,0.05926812241723822
ck_16077934338472bf,0.006631161704640303
ck_0d4dfd93086e7330,0.3967847413086382
ck_3865b7525b910893,0.035985845345455014
ck_7e2ae8b69ebd5675,0.011094808695283198
ck_b4384b6c11766ce7,0.0900488130454154
ck_3d7fa32dfb9fc692,0.025187958222540836
ck_f4a6a7cadd6e0603,0.07868226953639719
ck_212525e2828a6c45,0.12344311126309954
ck_33ad8d53394ba77a,0.35872066101223643
ck_a5051eafe8b51224,0.062137642733668515
ck_f65e5ff7da565f91,0.03133117615497465
ck_5c37f7563fa7591d,0.016772806854726423
ck_f1e0a006068aff29,0.011141407497158366
ck_c646cdead6fb79d0,0.002820832353569444
ck_f8b3cdffef535330,0.05182777270690734
ck_e5cdbe3aa12c97f6,0.012547563702771245
ck_986e4e61440506d0,0.027594549050674818
ck_6da9c5912e15d9a8,0.024033215800613787
ck_51d842e6dae74c71,0.014379694486088604
ck_5fc65c24e0736d5d,0.7967591000098535
ck_babb95a76c69509d,0.015910073470374694
ck_86a2d852a9715432,0.01594304512373907
ck_db4083a0d043def8,0.19202829359821866
ck_96953b8945b7d403,0.008648850830531683
ck_7831ca5c31fb3859,0.05950468337783679
ck_60ac5e5f375daa38,0.05198727170060562
ck_05d44eb1f5f085ce,0.006451723752974076
ck_432cc19c7eeaa46e,0.022749809618170927
ck_7fc513033af061af,0.021743288004857482
ck_ada6ede84c111719,0.011925288780700297
ck_6343e0d3b1c2962b,0.022178921608906277
ck_010264ae04f2e902,0.0497457249855114
ck_e9dcf535f8c289eb,0.0672880654617708
ck_37143d9cc296e6fa,0.019661506394241433
ck_61fa051192f3e810,0.00663184411246418
ck_f9f93d1d41be1468,0.31253790369837176
ck_c4f4f28457be8a74,0.009820204148248069
ck_323a71f9452d21cb,0.791814336218406
ck_170f4688e0acd875,0.08415926585168719
ck_869b1878d09d230d,0.12362603115549044
ck_2f6b33bf46976229,0.02434220799237671
ck_b11e22e75d9b99de,0.010012449291376256
ck_123d75ffb75b606d,0.05147378722645369
ck_94295287a04c85d2,0.1454959126577742
ck_1b0434f096795328,0.004632389213317451
ck_0a4e191cd0a57ce1,0.019464901450450548
ck_d2fbd0df99634676,0.0075553789951445785
ck_d51df5e9fbbbcc94,0.3999756089686259
ck_2d3d7d64a6f443f8,0.006907144124606857
ck_731943c682c9394e,0.2789210787880225
ck_5ccc0c94e5e1f849,0.06230129828062521
ck_c3476080516db25d,0.010071080628574428
ck_5010ffb1c94187b5,0.004614956803481683
ck_7ef666d67bc70223,0.01101007662002824
ck_c1b493527224a27a,0.018312587073974537
ck_5d1e25d7acc5af9a,0.0034751856535391273
ck_ec30b61cbf517db8,0.0131407513911474
ck_79323eb5d2e5efae,0.0029304383648885834
ck_4085cd3bf2661518,0.005053793109955526
ck_2ca91214c357c072,0.11639190072949734
ck_7f3132d6be389657,0.06847684695956227
ck_e7a6b925c8f39a85,0.4005458060620368
ck_c886adec7bac250a,0.013889533736921493
ck_c3f360c2d0ea0a37,0.02942252420574113
ck_a7acd5b015823793,0.023757292686835806
ck_9d64187c0800f84e,0.012914217624018289
ck_5d4ed73b9efd7d11,0.0060196695268932
ck_874eca6776b34dec,0.03561775202414165
ck_96a9221a87be93c3,0.01438427610577046
ck_68dd79a51eabf5e6,0.13943497144462938
ck_8311cb6755b2016c,0.003360774352093722
ck_16fc77b2bcf5ec03,0.7693158050432956
ck_ad9e2088a33c8c72,0.002009893883667701
ck_7176bbc97b1e42a1,0.04397281698590887
ck_80dfa54b30f65fff,0.6720327100976865
ck_31c54d540b128843,0.042039827492241666
ck_43ea894480567274,0.0415099319230083
ck_9c9e8a38bd5a6c88,0.04301375849748728
ck_1c2dcae19539e148,0.07031270629611616
ck_b0fa8b84e94d8ae0,0.006612185543276203
ck_4ceb43ccd0a81c2f,0.0083716168051833
ck_ba845332b730b596,0.010234095403042034
ck_73d3e8c6077f61e6,0.22057200778719166
ck_b5d0d223ef56473f,0.042047738905313194
ck_949f08f8e80e93ea,0.009963436653058256
ck_73de0b49709e5f8c,0.007744926895092481
ck_b5935e9722a39819,0.02069945787454203
ck_96247fee0eb44420,0.01071185199919075
ck_a6def1e4b2d57e0d,0.029799872076506764
ck_aecdc5a96321a2d8,0.017244810801270778
ck_bc61c59970f8de49,0.011740684196094682
ck_c43b4175fc9ac5bd,0.6470832954890436
ck_8ff7a9b23a55fd62,0.0035218705298787492
ck_20c99b645f462449,0.002766081825747141
ck_a5ce2ae36fb410d9,0.004969853279070104
ck_96fb9bf556842bbc,0.005755093536085501
ck_b5e4c6dbbed1b773,0.040162093526824066
ck_2085433978e72ea9,0.07344666522683274
ck_2c6b174b063ec637,0.005379054147547133
ck_b20b81b88dabe28d,0.05769892429203377
ck_243c18dbf150831c,0.02107507396314176
ck_2bb6a17e8eee35cc,0.014940999259242816
ck_66147fb994495396,0.10540106185349615
ck_73f124f075ede0fc,0.018939753783813608
ck_2e315f1b1e533dab,0.05165105437286975
ck_16c7bf94ed3e7a6f,0.004406318276391294
ck_4a0eae220a762ac5,0.013020956615255503
ck_dc16f939c2f44ad8,0.020763347031361585
ck_817926b449754917,0.00870766630454773
ck_0c0dde42ab64ef87,0.01564507235217556
ck_cb3a40594da6a2ee,0.019642141196260333
ck_d0dc156441fcfdcb,0.02511354440426398
ck_66f0945add423e9e,0.023491140273096775
ck_a74f6a3030f5d495,0.018834391731815846
ck_1ae460f331e49ae2,0.03407363014920691
ck_2d177b2f4f0b40c9,0.1064289716818496
ck_92e474e4368c4791,0.007453146007461144
ck_3dee83fa2d109484,0.019236454054413446
ck_80e5ea27848069fe,0.016342005015146495
ck_ed0c4a83701ca230,0.012056978295102064
ck_0b8b7c5c581fd161,0.0024064788994286744
ck_60bf8a2870956fb1,0.0030490543700437953
ck_73a54b56a2bf35fe,0.4153772722494373
ck_2296d7a563424883,0.024253166788422917
ck_bc19c383560c7477,0.01988856073135285
ck_861d8e3d88f1079e,0.04311238088800961
ck_3f090fc96c24eb28,0.0206437050256761
ck_9a6a1f8102febfca,0.03476363921840172
ck_541b6ad5d2fa5a39,0.0218197444945922
ck_a760d38d1bc4de97,0.027901032947683185
ck_7dca4d7ee10b4eeb,0.004424292424989266
ck_15220e78d1545e40,0.003561329310663355
ck_ca24bb0de508efb0,0.026996043747470118
ck_56b389627d8f02c5,0.8449724139304831
ck_48a6754977a44db0,0.02386227541520343
ck_333a43ec339a04cb,0.037602269974680316
ck_f22aacaf86a65d7e,0.01608731245912028
ck_04bd8a1ffaf3ffd8,0.009270365109276833
ck_2737a72de6b700f3,0.010361125932316074
ck_c35e03b0dd0c3454,0.009507505926915566
ck_e0571312f395cd94,0.0132979380198215
ck_09fab6b9825001b2,0.02694142945967834
ck_18c3a095606209e8,0.02718469309896515
ck_2a97db9377d01e36,0.00981328082662779
ck_f29dbbfdd2786bd1,0.00561345744645925
ck_35d6c510ad29362e,0.41886567140290076
ck_5468fa99c945d785,0.015154623512428706
ck_6f8102f62c876cc9,0.042764660048812055
ck_91955aab3424ad16,0.08493657279673636
ck_9a43c0c73a39d759,0.055041470787548806
ck_60b023af6d1e30bf,0.19121143263984128
ck_9704c5cf8659cedc,0.011171667310644801
ck_7e5f02b51b9f78bf,0.09185744798641832
ck_7d3a88d1aa649708,0.9193077679352253
ck_8250eddc1ecb07a0,0.024366627454589704
ck_d979ef95ee44023d,0.015372449939063476
ck_5e5461dac83531ac,0.08460543126079648
ck_d1bb8890081e0a31,0.03237332004908907
ck_32246c62640648d9,0.007677667458979579
ck_77a40c7d2f862a32,0.018195493280392834
ck_1c8b94efe9238f5b,0.00881408375926369
ck_eaf3b6d11bc3cb11,0.023793701540583925
ck_a4a7ef3ad799c380,0.14831490377744536
ck_d5bd8f68da073cd8,0.1184889225461347
ck_6e6258227fc8db7f,0.008776406460935783
ck_c35d444e05799db6,0.01459212217064168
ck_74665e1209140ae8,0.1431614376153399
ck_353a272478f7e903,0.019857187793593845
ck_a2c9796ea229a4e2,0.03892251419249106
ck_e0171f91cb3411fe,0.015201298206069804
ck_703499f5410280f7,0.010615434424067934
ck_ae3a763997f8f385,0.02333993986445441
ck_f7ff94c3df5ac874,0.015635617263505423
ck_f3c16d8f747db046,0.013495337807675116
ck_7ef019ed77276496,0.03139900335333765
ck_d6a4faadab58a3de,0.0033983198851856656
ck_ba7b78d31d74c794,0.01953578372550931
ck_36287d063350ce9d,0.008017710230777342
ck_5177fc7137ff26ce,0.0026035184342275168
ck_dfd4e79aaa967b63,0.005035654465716533
ck_fb44d15fb93a7157,0.025245749648424715
ck_fca478361870a4ca,0.08200278651093508
ck_e57b94fe57341058,0.01656964254494244
ck_5448c946cc4758fe,0.010890763278511115
ck_c5ece5ffb8800ad4,0.0031933919004470965
ck_11cb98211b2ed134,0.8974729376802116
ck_f655399ac75c4450,0.020652527843184876
ck_c817259019588d30,0.0264284719470465
ck_8740a14d8096c6e1,0.02105672732444964
ck_0c5ba86f4e05b38d,0.007845953909859949
ck_ccc917533d4b73d4,0.006505777877642675
ck_9eb80edfa43203de,0.01898495941471845
ck_d1a1cf4cf61d6801,0.009080083752664517
ck_b17c239f160e6017,0.01694764392277354
ck_410c3e13b48e0415,0.00583823406122887
ck_ab553954435e8854,0.4811454679354987
ck_bdbb4230c91e1604,0.016878172342108623
ck_8fd4937eadd64fb6,0.07011276085328359
ck_e0e90b196bef3c11,0.022334463632838607
ck_3dc4d464386f0eb2,0.2025916248215569
ck_51bbbf8f8e8ad005,0.9978757068140798
ck_c05737ab74cf03c6,0.0802467696503306
ck_dceabbe04d99afc2,0.020336179189707607
ck_5b86fd14e85bc9c7,0.6017681349145395
ck_d4febf0083800424,0.19275180128246383
ck_77d9f86dcf251739,0.01612232830876307
ck_b4dcebc543deaafb,0.010887413581929524
ck_cb856e75c949b0cc,0.006361674577555758
ck_61b067de8ffc1ca1,0.06146638640558305
ck_c0e8560ccfd9dd9d,0.0038312814001142345
ck_173e1198c341087b,0.0077721972498848765
ck_b4d55bc809000276,0.021691740193802763
ck_839bf139296b5cea,0.017124463314464624
ck_78cd402a2a4f2e35,0.011106974687521708
ck_c2925c50ebacbdba,0.005279125874775887
ck_5e3bc76eddbdb0a6,0.01904001780599535
ck_b7793edca26fc512,0.018889477867052386
ck_d79bdf04d6f31cd5,0.02549366709210125
ck_4b97d19ed946f503,0.011072209011794147
ck_37139b41c5370523,0.0648912888944994
ck_8c346eeefa9ce692,0.01346859029444485
ck_2ab7eddee2d8c49e,0.004156270762082646
ck_29da59ea3bffb9d8,0.11191978247044718
ck_c1d05ef0ec6e4be7,0.0030217298975586627
ck_3882423b449f6291,0.7757046117787475
ck_5647030283171ed5,0.4905630192858161
ck_efbdcd9c181e72ca,0.008324938668226823
ck_192fdad892782daf,0.1177518345069522
ck_0bf2e13b9f2601ac,0.047669993165057004
ck_3d6046a533057795,0.002750624112502006
ck_279a1d3a3836e5cc,0.015287271915320465
ck_c375e929becde422,0.031247297824969544
ck_a59e90219939a1f0,0.0030020355193911183
ck_4e9fba1ec54c3ff8,0.04192079151115092
ck_bcbd8588a13f5eef,0.005552600225468558
ck_5f9a7ff990341bdd,0.005519277407154878
ck_e0403d507519b7d2,0.02793723385414329
ck_c9490cb61aff5112,0.014117400483912032
ck_41dd44308e6a665a,0.27058659787527806
ck_76c23726cd7ca947,0.00753577517661954
ck_9be551300209fa83,0.010392961750766557
ck_a98848eec6c9581e,0.014376831088514019
ck_61176dafb33b2d8a,0.9399458790217727
ck_92de019e05971ce3,0.04299212192610764
ck_5d644224135d7c65,0.003737609261887316
ck_c767fc454fa215d0,0.012876559349551809
ck_5df85a8924e11f27,0.01569779089755593
ck_da2729307af06ed5,0.00993087302437324
ck_7c6b577174af7a78,0.013713451295986112
ck_893b8afbe11301e1,0.006563303189959743
ck_e06f6fed020ae014,0.0266472601265532
ck_386680372fb54857,0.02453634596526996
ck_7a7f3c4fe0c9d2ca,0.05940397461081154
ck_f908b527c4db422d,0.0471856528504511
ck_ec2eee6a133e9a6f,0.10470589780399797
ck_d98934f9fe0b02b3,0.014643307210174684
ck_398a1ed77b0130e5,0.01110360914259833
ck_d960af7a55b892b1,0.005463840315869207
ck_4637e54a9f79e2e7,0.03157934585471978
ck_02b9f418524f6650,0.009958880979018416
ck_d4b23804cebb045d,0.010132769763787308
ck_35b1939c48182a9a,0.02292266552543452
ck_2dcbb71e39d64305,0.011767866901101036
ck_47a884dec960ff2d,0.0679420854668913
ck_71fd8c346fde5cca,0.16478827983393252
ck_98e1992ac8e7d2de,0.03587896614098247
ck_ae7780327e210522,0.0200152106942308
ck_e6c584b4b1ad6d9d,0.020086469521195048
ck_344b2e326a6c3dcc,0.04308502935361653
ck_9aa899a5230b0963,0.036697116694309126
ck_e48d14d5b70ef5aa,0.004654524435430341
ck_59d380a0973b3951,0.011911555540048626
ck_11318f7c041a5ba9,0.002136700037140852
ck_7061786fe2f22f5a,0.03364468575237847
ck_e77529651c416cf7,0.010878374336166707
ck_7f79878197340435,0.004921362689841398
ck_b0a0fb0ee9ebf106,0.028092256661189
ck_70c7679199776a90,0.016481545230441298
ck_b9facd2210daca5c,0.0789440008196039
ck_9949f53c155b8dde,0.007716608548933825
ck_1c607e24f2c4397a,0.030697938415600916
ck_aefd1ce3ce093cbd,0.0015435279091025789
ck_5a29b7018e43280c,0.01162802101279845
ck_69eb0b2ccfbe5f95,0.013281676541782703
ck_fe037765aa465c58,0.006782127763210021
ck_5e512ef5362a3dd6,0.020357554335953716
ck_544a9e80b7fdc279,0.023983871394094736
ck_7825494e654d5695,0.005551641283706887
ck_f1f2c3c623553f0d,0.0049377336798038405
ck_52730906e5b461eb,0.5723846148832469
ck_01e0689157fe9617,0.02895943774194216
ck_9da82e567074da9d,0.015131098105195936
ck_6a17384072f904c0,0.013128260636148673
ck_8d84d771a21942a7,0.0149739963642917
ck_39638880292782a7,0.022999658815825174
ck_7d51c86e0eec72ac,0.016029419025754332
ck_45f4c821c70d134f,0.6660205457870582
ck_0af3c13ba56ce57c,0.028935281577477396
ck_0789a05e061b2784,0.6867869479765759
ck_6ba091eb42ffa9fb,0.0833328777833827
ck_265accb3c5c32620,0.07302729728025806
ck_179039559ff7566c,0.03381943628377216
ck_17c0a6a92b5765cf,0.009259740106934311
ck_59371c9140239fd7,0.011555169398315633
ck_f9c4f8b4ce2691f0,0.011521638697816347
ck_a2637e4872cf4811,0.19677552357980782
ck_1de43fd6c6c22a5f,0.10022640072520192
ck_6e4f31bd108571f0,0.017807219269650613
ck_da06d97db0b18851,0.004736923364980075
ck_e0346d5081e640e8,0.011514033586605178
ck_c1c7d4e62c9fcded,0.024381498335031736
ck_2595669e421299f6,0.03399328031211467
ck_3b6057d51fd4c7d6,0.01745668856262452
ck_c5f8ab515840a0fe,0.01538561693327623
ck_435cb24538c6f77c,0.038597697747221285
ck_d84b5403da4cea7b,0.013690164448415063
ck_c2b61a98d1c8f6dd,0.16716118507928282
ck_c9dcd92b2f836b61,0.25880486172929873
ck_9eb5b3f5f672c2b1,0.0041160112484176755
ck_e4cf189a8d31649a,0.002232870626689104
ck_6b114f2a48152b96,0.012272655618483232
ck_3fb95862b70f505c,0.02036205361512382
ck_7f780f465c29398e,0.020037622871577686
ck_ee387f9da79e67ea,0.026898460653071422
ck_fa3b1e85d27af2ee,0.03873994755348943
ck_e739eaaa7a1822f2,0.02681420648573864
ck_dfa0ac11fcb1dabd,0.05497706731840816
ck_6e8751b571ea54d1,0.0175942494690906
ck_2d695f8358383092,0.058432471098614706
ck_e7dce27edb700f27,0.0035516193042393483
ck_e322da8b213eab52,0.001710622494432529
ck_d0b32e039abb8200,0.007929909734411291
ck_b354003302b272ca,0.011524941617324971
ck_f7485cba392bc294,0.15985826553361368
ck_d6a290ff8362c7b9,0.0582730459998917
ck_c56a44fe315c0389,0.018230817089180566
ck_f77dfe6512eae322,0.043899557798567725
ck_35fe969c58b9e70b,0.05900214901984077
ck_4c518637db2322d5,0.01658068406845936
ck_cb61902798ecc4fd,0.027811067113204666
ck_56e6cfa32156a916,0.004495255733045197
ck_343e6ed2b9d35c01,0.007599574711331843
ck_51440f64f7250ad7,0.012908383522786287
ck_295bca29c34cfe2e,0.013234972299088332
ck_dd30558576b45e7b,0.009065361755683225
ck_3a30132a57181fe3,0.042594774739203346
ck_4a733aeb833406f4,0.010242369913075589
ck_1b0b7c3d35ab1259,0.04185269151422741
ck_962c3bbf27cd4b80,0.07800081781363274
ck_9528e1d6b1707870,0.009876816514894936
ck_b3263e7f31aab45f,0.019571142638720618
ck_e69195a3c885053d,0.004707579032480846
ck_a907fa8795cd4baf,0.0028617073922049155
ck_205c3405045bd835,0.004730492610745605
ck_e81fc223bed3c46a,0.023779982191382262
ck_363751deae40edfb,0.08104809250445617
ck_6176baea8cbebbb6,0.010927742880532953
ck_633e6579f5c74a5c,0.5512856505414439
ck_ddc11fc481eef58d,0.017667395573476213
ck_e975002c979e12c7,0.05405786015172406
ck_8e039b23acaaac00,0.04487175200774964
ck_1d6990d94a4d2ad6,0.005516977530569382
ck_e7b583acaa3171a2,0.11511822822759951
ck_c0133f60d39b2fb5,0.00957117805384328
ck_7d6bff85e7a694bc,0.011930376671834879
ck_d305b4d82f63f647,0.018520268001566233
ck_22bd0fc71f95e048,0.04432259283775484
ck_9a65fcfc7916f93f,0.0009484754478523311
ck_d61c837b0106085a,0.026970389481819755
ck_be86a1db08dea456,0.011396529705800126
ck_90489c405e6886d8,0.03285117363564854
ck_0add2c321d579d75,0.028997101318415916
ck_482dea6eed92cbbc,0.01683060187065953
ck_c24b47184534cc2c,0.9788439193365649
ck_fa04ac31e596e7d6,0.008252584730892215
ck_084322dc5a3a86f0,0.006485297534586026
ck_ccb72a33cc1877b7,0.007668262011732545
ck_afaf374009d3b248,0.031832871399530435
ck_b53084ffede19a8e,0.009640966809110413
ck_4760216154c8cac2,0.07259112473128078
ck_37ad3a65db673e70,0.019190853892479234
ck_0c2932cc0d553694,0.012221177759606787
ck_86b853c52f20fef5,0.0033072084136254753
ck_38703b7546d35a80,0.024136055696657565
ck_218b7e6e6dbd2da0,0.026348551483273197
ck_402db4184982fdf5,0.013484605587569325
ck_f917c82af80e4a79,0.049009436283690144
ck_3c6417a233c68c73,0.014744569035609568
ck_98068c397d70dd3a,0.08057167303636371
ck_b1cbd6679c0f8d95,0.004272260939656654
ck_9e962f9bb0e7bac2,0.007049805632153918
ck_b08247c3ad567d92,0.16053951812413747
ck_3ef7a03ebb81cfe3,0.011461838344655266
ck_5d7ae0e3562e99bf,0.08180927344667033
ck_c91a628236baf91b,0.1052394508079869
ck_7f8e816ca51755e3,0.8599169536456039
ck_5aadd286d188f5c3,0.0037703525970471117
ck_a037aff5f8128c73,0.002420088731254653
ck_5df6529ce8290906,0.004703247267306769
ck_5f3609511443e5a8,0.07751126565213774
ck_a6f61864fac3c8fb,0.003848302836631494
ck_2733fc6ba23ae46e,0.017735418764954144
ck_22bfb9246646eb41,0.21039166432009673
ck_bfc2a57d8fd1610c,0.267547832171617
ck_49839e761d0e74e9,0.01435702361102924
ck_aa4ba931dd37481d,0.05986057640398177
ck_2f9fa0d61829f815,0.0027667785244048265
ck_5b82c774df10d49b,0.0013705560315267055
ck_411219470d0a195c,0.014601148203249103
ck_d07485ba10514a2d,0.3772284261680609
ck_219bef979ee21bdf,0.004639033327226113
ck_eb1006e7285184a6,0.014613781822758383
ck_fd242b18575e3063,0.04177117400521971
ck_95188150ff059c70,0.049805841650741305
ck_a9ca2f447b984a6a,0.005257729896889588
ck_2dd39723c4088b64,0.004557280606812746
ck_aa2b4c662ff213b6,0.03630963360108255
ck_1867b1199c864db5,0.021804403626927003
ck_850ec97a5a0dab9a,0.5482601774740913
ck_562320295fa35875,0.024753593929818768
ck_bab5759b07fe2bea,0.00172583865062906
ck_b9f1465d803e57b2,0.08592045615903915
ck_8f21f2690c32c691,0.06475684679069445
ck_df87d6f61a63eb21,0.03244716944981079
ck_770475876d0e7e6a,0.045324354731034536
ck_b4c014d5c0cc9eb2,0.03935760599733278
ck_3add4d23124c9290,0.029122991638743705
ck_bce5b7fecfb6264d,0.057813268586155646
ck_604c17cb97dc89be,0.023776639136531493
ck_e52cbcd9aafd26b2,0.0029171328300566053
ck_0ac9114076f5bf3d,0.009652352463685034
ck_dcc125b178b79566,0.008000700511605811
ck_4e333c09f0c37dee,0.10745366528719208
ck_ff7e31ff8ba731e5,0.012094907990199145
ck_8d0532d24f1070d1,0.0039516559171150125
ck_3689fa41748a6f6b,0.10777061768383304
ck_7509eb97c1948b16,0.01862908190510346
ck_a9161cf1ca22a6bf,0.008676256920308288
ck_bed3e3db135b782e,0.05288122920956262
ck_9040edd974ef8e3f,0.7518054588364026
ck_fac32d76ed40f683,0.00869079851857218
ck_3d7b1078e2d57c69,0.003066457254378848
ck_dae09c4e074af5dd,0.5606568529994866
ck_fd84507228467b40,0.11736903133095847
ck_e2a2ce9b8cf44c63,0.016827723411613486
ck_cbe716f351d660d4,0.009451528912471797
ck_cba4162ef29a6d27,0.024747131757042365
ck_4f1e962ff8a29732,0.028975394371822994
ck_39a81899dded61e4,0.005642298364203513
ck_25382331551d22a5,0.04267248685846885
ck_6d64e1c07b19856e,0.03802875279197129
ck_165a868bdef28ad3,0.06571454764170248
ck_88774ae52e30e877,0.009024402254872525
ck_fc7a9d0643570053,0.017898639347735276
ck_c2017120b3b88a46,0.08697112436995728
ck_d115ac6b9fd62a7e,0.004993329784017268
ck_439cf7d51ec7de0f,0.008050362569984334
ck_2468a7e9e68a0927,0.012117245498028641
ck_7c418947124dee8f,0.021752266989994225
ck_fb0cf32c4a56f740,0.0381669899819665
ck_694eb6c43193afd4,0.10905116975683546
ck_993beb188dd4abb6,0.0805602042099639
ck_77fa39d3b733c226,0.07046197195523608
ck_49969a9abc47cb69,0.009183347064071467
ck_d3f44bbe2f7e9b2d,0.005958142455513895
ck_fcf5b8216d0c18ef,0.01258547203451633
ck_daefe1e2d2bc362d,0.010370690632123002
ck_9c9287cb28950eb6,0.008228253336431308
ck_c1d1a625b885a975,0.04585103779312076
ck_71b37fe47490b4ba,0.0024143598250183575
ck_5d16e257c0635f7e,0.3873686319122317
ck_15918075563eb074,0.004425124649748995
ck_9a15fdefc47e8d11,0.032402274390688046
ck_6f04d047d1dde75e,0.0007784124246329651
ck_1af2c0b3b8d202c1,0.0021443304505426586
ck_174be2231c5fd2b6,0.008183314697830072
ck_bb0713a2a1d65982,0.02254416356611756
ck_0daec63bd5b0729d,0.017145186149399
ck_c0b5cc3e8ad2ff44,0.01908855414305278
ck_35bee1fc12664644,0.07247718235270106
ck_a1c7cf63467df4c2,0.004559010052847746
ck_ecb1e15f0b185ceb,0.0529064078010575
ck_f280d31f54a4710a,0.013394111870405906
ck_30f4b2ee8abe1342,0.29072679837580223
ck_66bed631354de5b7,0.0065870641413280796
ck_c2d3ecd7278eba2c,0.005343232157485265
ck_e901dec0e09eccbb,0.036447762653180595
ck_5d038ecb3c8748a3,0.0035904743471079784
ck_283c5bea94b21e80,0.0034048315284489184
ck_7956c251b85f009e,0.19637881030859147
ck_9f5f81d771146aa1,0.0036917808067744116
ck_9323e6fc1e168eda,0.38158577743903804
ck_10495d3a635b8d69,0.0157916471485039
ck_1982d571cd36eb0c,0.005806718394108581
ck_4f5d7985bcc2eda4,0.03607287116102942
ck_7df526b2b4410bb4,0.016526470992176995
ck_dbb498b1a346a402,0.03582371444382128
ck_ef059997563e3330,0.00335535039289416
ck_02ec4e06709e6b82,0.030686028474990842
ck_9782c86ba6485f88,0.008570891588882888
ck_d69de468b44143ca,0.005041009697640091
ck_6430a8792f400e0a,0.014767763593398433
ck_8285bd3c90af94f6,0.004311033287622172
ck_985c9ca112000e9a,0.04244812509432675
ck_e679fbf4f4f4aa07,0.051492695899049375
ck_016e8c8eaf9d511b,0.0972560223137302
ck_bc996c523944644b,0.00932724784654696
ck_5b8315726f6204e0,0.0084444467575136
ck_78181f8e998e442f,0.005282486097262334
ck_71c68dfd011dbbbe,0.7152674319574054
ck_db32c95ce2b6f502,0.9568284642563583
ck_755010362a9b1bc4,0.0014758378682572131
ck_114141d85256c9ff,0.003658530620378304
ck_9d1a5cf5a3b87e48,0.00636065196804901
ck_ab640420858ab5c4,0.20980423788259747
ck_97a8dac48dd62488,0.24600826557904837
ck_879cc3166fe1bada,0.013336926877164553
ck_b0ed11080076e381,0.004718430915602099
ck_7334a9ec656263b2,0.029932459645047805
ck_6494f0ef13ce44d9,0.006389222886642285
ck_724e459b9ece38f4,0.03959682746734605
ck_7fd8b1470401695f,0.8239182082148532
ck_292f81186358b0fa,0.004795135388442769
ck_fa7de64d37287615,0.026055619227235764
ck_d00e09e66ed6458b,0.13070821445448325
ck_b8d210e741be186e,0.003951438367456164
ck_3db59982cbae4410,0.019133577532655176
ck_69887d0a9aaca6df,0.00411643464566438
ck_4feb21e2fb0b3977,0.003629862496353649
ck_08c6cc1e143475e3,0.018110093363504286
ck_fe6e168cdbb46b9a,0.076227594715258
ck_07f1734be7fac56a,0.015750323651966342
ck_d66d59981307db93,0.0291243845797491
ck_f928dba0d587d7c1,0.01293131000015258
ck_786448fe3004cbd0,0.004995555253042451
ck_29ea329fa40ace62,0.021073489143774275
ck_7ea52b6f27edcb73,0.055748299368197425
ck_18bc51bbf3ef198e,0.04257632302399612
ck_44950df09ff14ded,0.011820822897986591
ck_c1466b52c0a10b93,0.011971697039097694
ck_6cdac067cc4db5c5,0.05101678947098513
ck_53f55c6e8cf2d432,0.008948973956517519
ck_95945f48453ca532,0.010896061900411997
ck_87cce4126e215153,0.003682691488947519
ck_1ecd5516c92caa4f,0.009789566427000193
ck_819b482bca14c068,0.317127581159745
ck_a61a879dd46fc9f2,0.001896647113880517
ck_af70aa32c009c3c9,0.008477353948876066
ck_f4fe78e249092ab1,0.013912249630409263
ck_12c46bc52bf45b36,0.018675963689207323
ck_f05f5e4b40afa52f,0.039100253987805735
ck_0f8cb09d3f4fc980,0.0547456555080183
ck_80a64a7f0275a71d,0.015966947816781544
ck_683af7b1540a0b22,0.03795721182425908
ck_51fe0b613c076cbe,0.017795900215357353
ck_da1a2450219dcf19,0.04958609695131298
ck_2a7eba01ceba6c2c,0.011708976982523019
ck_4e329e29dfa743ea,0.22029869648146239
ck_0274d881d6db82c8,0.004940470153986218
ck_0af5b7d128035b35,0.006915687212949382
ck_ae0a7be6b0a0ea68,0.08118242442045218
ck_de5bb7a4d091386d,0.2519636464425746
ck_2bb7c17168a9d17d,0.08101259924984626
ck_0ffdff7b2f5fdfe4,0.027623237566244043
ck_718a8390b3d42d7d,0.014061908059288197
ck_7c4f12d70f184533,0.004063078250648208
ck_d3e2c26b8adff099,0.008511723940175554
ck_ac9d3d9754104cf0,0.015987816281850538
ck_3b1766a1d51f8f0e,0.1944987464850074
ck_a9bf75bea912027b,0.07415227786381477
ck_687eab3ffe1f8cfa,0.017614981518442513
ck_25dd0b02af5b2f37,0.02990749120696281
ck_1747fcc466f0ae38,0.022856275476668967
ck_f6e9d14dfb6f3c28,0.022891965818894387
ck_c6a7bbd0adc4d5f3,0.03871043532738024
ck_46656a23f4456d22,0.48108632526617867
ck_7519260415c2998e,0.013261569680476067
ck_754f30ea19df857c,0.03519198831183053
ck_ba88a244d5f7380f,0.020151958405402216
ck_f268416945316815,0.002860900960654855
ck_21860dd2159dff28,0.0083244041964867
ck_7a86ef4e2beaec38,0.01104323885857566
ck_0414507baeea936a,0.00922853393546252
ck_60796eb60fc3043e,0.047838701458158446
ck_1e0841ed17fe0562,0.010386485027796453
ck_0d641d32658d6e0f,0.020831285084649962
ck_b36086ae6d87eec1,0.0053817619853684245
ck_962e65ab33b5c311,0.9284694449961922
ck_b046a42684468e63,0.010266113269589263
ck_ab3426435b0017d6,0.026075412581240354
ck_fcfe06e44d09a344,0.016086923216798107
ck_0f6d916c92189516,0.014948952307073795
ck_d4c8f0d957c3965d,0.027880581499556745
ck_2ca83dbd728af019,0.005810737535809254
ck_2857a4ce9f72fbfa,0.03610563303315092
ck_a60e6edc48e3d0ac,0.34173009863169523
ck_0cbd3b27063d4415,0.07661012220958507
ck_612089ec90c37219,0.03634435235074545
ck_ec4e597f17f473c6,0.009318109326007728
ck_1c93cc58f314bf71,0.027379263031834727
ck_2b359a979520276e,0.06670680102102208
ck_1496568ddc3b2d56,0.02336649284628855
ck_41d91dc9f5063566,0.01462089422741351
ck_4c5ff58afe3d7a67,0.017015160605454303
ck_81709736281fa3eb,0.020998516099999958
ck_d89abbab3d4957aa,0.005545023459586356
ck_52453401f88935da,0.03244096480670723
ck_a477654d34783e06,0.028465642647278893
ck_72dd0dbdf808cb00,0.03839491192356452
ck_c183dff3781746cb,0.0512317624415657
ck_c8b7f241810b45e5,0.015347791718667889
ck_f88028c3f306bc70,0.04691803894071197
ck_91d48d69e4f5d9c2,0.005693704024516119
ck_b74b9ba6d7c9aab7,0.11158811619911492
ck_03e904682dc73bba,0.01969237380272122
ck_fc6fed6ea96a004a,0.00420686017800255
ck_51efdd240e34c642,0.031718089777144444
ck_e78ab4ff52b5fd2d,0.007352308153251724
ck_4af7b97c24d89a45,0.012072134852158883
ck_295c0072eca7f7a2,0.011379028775587108
ck_8abd1a50a9227463,0.0883558347208858
ck_ecaa6f13304e3dc5,0.00653218788448841
ck_de436e7b319be1fa,0.9937751427295143
ck_c802cf8f61466027,0.017215674614370423
ck_3d83e0a3c1cfbf8b,0.024688365429566036
ck_28d2003c2d16e4b6,0.00314234322070067
ck_8ddaf745bbb9cd62,0.005082612257845664
ck_493b6256091014cd,0.052185145215687415
ck_a2245822cfea997d,0.03180809700232067
ck_f7305b3c64cf8a03,0.014091231203760952
ck_9937dad93a0ed3c1,0.05457272526262472
ck_d654449f9231ad76,0.003959640177049372
ck_850e2b59bc535490,0.02480675974007456
ck_e55e5bdfc0242aef,0.013599242909599482
ck_d35c51e981b98c5c,0.005612761552464673
ck_27cdf9c5e6f0915b,0.03580436024269423
ck_d328db1e1052d820,0.02175217551245009
ck_0ea30eff5f361cba,0.059373706257524486
ck_9994323f97109f4b,0.9835947115575302
ck_09054e97bdf9624e,0.008057887088753319
ck_723b4afc388113c8,0.026140931293988527
ck_588f6e6a6a6d93e8,0.009701102364935078
ck_e1d563fab4d6116a,0.054936784532768096
ck_53aca610e20598bc,0.004361017069493028
ck_c8131ddc7ed33448,0.002988830773273425
ck_899f88464305824a,0.02958854717961231
ck_1c17c65804f8889e,0.0077855587565683615
ck_45a16ce12893cf9b,0.01519223622050557
ck_f9d481aa4f9b2808,0.7760509302802023
ck_1d5d74169cf892ef,0.010079366699663278
ck_aba32acb61c1aaca,0.03306035402636082
ck_ec4dd3675a8d28cc,0.009140402565881374
ck_5dcd443fe0bbdeac,0.00984193614611506
ck_3a47e3f54475e854,0.00253486646095273
ck_a9aa5c344c315532,0.009446733025391755
ck_9652283c9f61fcec,0.00144007535266772
ck_752dd3d2487f78ea,0.009735813139011127
ck_a821980ac4db9943,0.3835342246091325
ck_93e0d6befb67f7a1,0.04549567017372886
ck_e7a3881c3e36bd51,0.5691058194283714
ck_12631b78f8a03df2,0.014091876799161856
ck_57b8226610b48854,0.12470363459006412
ck_352657008983fd4b,0.01016495237239249
ck_0841a5c24fd3dd28,0.008831416673956644
ck_db9b9d5d30f74070,0.34374496207471517
ck_a9dded7f6294e44f,0.040727356521443915
ck_91a16336ce3217dc,0.013857363315292024
ck_371bd9388b287677,0.004298887559185719
ck_f285e5e1912a7c62,0.05174074777778669
ck_368b65fca69fc415,0.06139383065871025
ck_d27a73596b6500c2,0.03376339663875359
ck_2d963f9b2c4d11e1,0.018444183612225457
ck_7c500e219af39486,0.04043984212347653
ck_7d025dea5951cba7,0.011034884885853033
ck_32f632706608859e,0.008457119107700407
ck_53816231f3ffb48d,0.0272197446174562
ck_9dbe184e81c1ca8d,0.06412848102428943
ck_d74123617f22a21e,0.13568238289506762
ck_275386782b1606f8,0.001987781732163965
ck_0b0e79d33e50cba5,0.04364120662888419
ck_ba93cb604f792915,0.02121985652159697
ck_a86cd653472eccbc,0.019889719620258435
ck_87771861e0447210,0.1139017155896871
ck_212380e0371d8a6d,0.004462990791448984
ck_ef0d702d7b0ed745,0.007316977816406661
ck_2b8f33e22f939372,0.6807735004326474
ck_480347ad92037105,0.01687028795765047
ck_20124c3a16c53ce4,0.027577448915492887
ck_c9e1e3229baae708,0.005502496479681769
ck_b1befe967f7a5ebf,0.02889677589641852
ck_4672167d7c989bbf,0.03979102393633888
ck_f0c44ee5e3a42e3d,0.026090297473167934
ck_c416357d20238a4e,0.0867046905605659
ck_d0f470f8078c91df,0.011665859998184555
ck_3a70b4ee59084715,0.12462712604588146
ck_179ed66cdfc1ce27,0.01248852575271602
ck_387e5a7f163c7837,0.007715732025947286
ck_08fb463e69f647c8,0.9444361800081015
ck_732f725747393ec8,0.024670338997475137
ck_7cc5e0fa3ca5a713,0.014236861786534482
ck_ad4a4daa826ac68b,0.007371378391892186
ck_472e0be7a3b533bb,0.009262989293458233
ck_7190177963eafdd9,0.020469980064269
ck_647ac26c5900f082,0.006789173089504229
ck_272ae2179bbd8e58,0.013690827892490959
ck_09b0d8af304646bd,0.0036802636556387556
ck_ca0cc8ea9f344408,0.016217615830915945
ck_332ad134fb909869,0.010017754482968634
ck_fca2798914627dc8,0.052842927788908395
ck_4450b55f462ae134,0.000939800454139809
ck_d67d9dfb60b286b9,0.019004246036838757
ck_a9d2bb4f2bde7052,0.00864129913768249
ck_929bcae878a3ecb3,0.26503105414180933
ck_59a9e000fa275e1f,0.036154208366316345
ck_57f17254e2688637,0.020854230761128245
ck_0508908697f60ce3,0.09297989532378177
ck_946afc2943298d26,0.0007039145700988476
ck_7176d12b18f2cc0e,0.01147007976440152
ck_5c47b49c26cce286,0.01986214303136575
ck_b6a2bdb2d335e1d0,0.9937765462898384
ck_1d58f6caaa4d012c,0.01669050278684481
ck_71c917295020ccc7,0.012605015386500454
ck_bc89644ae3688995,0.014971597758420071
ck_e7c212f16d6df272,0.011785794943546169
ck_c6d2e11a368184e6,0.003155834104379833
ck_eed7f1f7548df15b,0.10318352203124383
ck_75b69034000ca7bb,0.02413822435053699
ck_38da3bf629458682,0.002676372024791535
ck_90114c891239d821,0.02588097004641674
ck_8ee08f6777cc155b,0.010421228893505366
ck_bd86132499defcd0,0.010324422928564633
ck_b95fbf2b5640aa82,0.0021235301472271955
ck_c530235393360e3b,0.021183958829211365
ck_be52a7ec43241ba4,0.04940101454579832
ck_d96eb3cc55f2772f,0.0072603144497363015
ck_dd34f0a844fb115d,0.19197388079553718
ck_17cc7b411f448e66,0.06210267012497139
ck_856ea65fa27d06dd,0.021596992704313353
ck_056d5f0301c30902,0.04936233035689887
ck_e662b14b2bab23a2,0.0944615134456355
ck_209f574c8d92274e,0.0064551525111191145
ck_62720b81617896cc,0.004423558361861928
ck_041614694b77e599,0.005441054688728456
ck_461e3f7b97db8d16,0.04186569064454322
ck_1b74b798eebeabdc,0.004244682073353153
ck_0ed2739384f1d644,0.002991841492708146
ck_5a4d19f1b83feeb8,0.002731373776141386
ck_463937167965a1f8,0.0188715468211856
ck_9d7151dbdf100e0e,0.025871656238484222
ck_20a7d1ce6cc27312,0.0038614906382962774
ck_6031211ff118cf0f,0.01012737669520351
ck_a6fc92aa91e99b77,0.6465952424012064
ck_0aaaa9d2f75a0518,0.010902738900586809
ck_ec26e327cc1848b2,0.0012777777633280435
ck_0e6bebf8ae9b9b03,0.015775273361457707
ck_e107537a4cb738f4,0.0050571144213518065
ck_e8ea56e122a5a487,0.015407750548547414
ck_98149ed45d38c4d3,0.03475832476925644
ck_0e719b3a6906b8f1,0.003840304478884661
ck_0c6e7bd357e4a348,0.008364917676155598
ck_d3b2b250da61db19,0.7681763829267685
ck_8bb6b0a292754576,0.043468934276874455
ck_87d70f5fe48a6128,0.043027322010857315
ck_ea9edf9c107d429f,0.06706196707101286
ck_059806c52cebe4f1,0.42171327374151013
ck_a72d6df666e1c21c,0.05588381393119335
ck_1d2b80ab6c4944b9,0.009850690709496247
ck_60557f077abc42ca,0.24272430699958195
ck_e5f5cb7dd6ce4a37,0.014812362778141188
ck_4c4a939154446053,0.028555091022163834
ck_50ede3eb561a202c,0.023089855380955555
ck_6d03a542922b2ae8,0.014401921811148303
ck_d6fe761ed0db3270,0.020116638462460926
ck_7f0cd6ea3096f985,0.019693727478849735
ck_23edb6d938a3b87b,0.05320619479211515
ck_799aaf9f2b9ef621,0.013457913891218799
ck_f8f6a03613b6dda8,0.001493346909412379
ck_7cffb189f4f514ec,0.9651814609332161
ck_c081e1967dcd811f,0.010391805566629895
ck_583d6ca78c97d91e,0.35603756594466845
ck_9332bbc7125219a7,0.006360836367487204
ck_956b5af6d7d86c65,0.6838281537372743
ck_2d634e3f24681c0f,0.03728529166521998
ck_7b35d218ed0c5a60,0.005174434197127734
ck_ca5b1057f8248f73,0.020327501063489697
ck_ec5ea81cf813597c,0.008871430733678099
ck_eaebaf4d28400fb8,0.02846930732986448
ck_ae2ab6be219219aa,0.005181000426849658
ck_d99a8b4c820eb46b,0.10161135142656703
ck_bcfb7ffb7cd428bd,0.024608771861615097
ck_3dd542c2d31be2c0,0.016063451693350765
ck_c7dd84401e29a7fc,0.01556118889095594
ck_c4bcc7cefd40f8e2,0.007782968434810944
ck_c251898b5d51e3b0,0.0026184071402395566
ck_36d37be780c1291c,0.0011024482603841275
ck_99b4f266b61ae7ee,0.018112267977569103
ck_c37f03995f0f0169,0.028633071734770473
ck_65a23ac8e44eb901,0.02949955887037439
ck_644b1c1149eea9e0,0.01603091485979901
ck_9cf44eb0237c2429,0.047080036447465
ck_20541686a94fb71c,0.04473130316663047
ck_c18245be844680f3,0.06883684948915753
ck_56de216eda6b7fa6,0.0071577165240006655
ck_406c4442dee45cd1,0.004108914975264785
ck_df1585c7d72a96e0,0.01612538994118198
ck_b8e8dba20676d87b,0.03379475677068661
ck_0ee6965e68efc177,0.006241279592206794
ck_c2a5c54ad8d0d297,0.02056816838304407
ck_bf6fb7e6470e95cb,0.005443295212624433
ck_27fa694569140345,0.0038752435574999386
ck_e04166b0ce66393a,0.0034210134959232674
ck_8742114f4f0cb22c,0.2246690372058316
ck_6eceeafd56b42576,0.24419815255335856
ck_34f9951b0eca1965,0.015316825978721067
ck_384ccecd342a24ad,0.020080416335495312
ck_49c98bebd1338879,0.025057846868392904
ck_6c26c12071c91ff6,0.016016277247571202
ck_01e5986ebb9a78f1,0.05907724071279666
ck_121db7ba3be29ee8,0.010138779910071068
ck_039e6d5a330cea1a,0.15528457441844995
ck_ae8c9163cf957d7e,0.00574210514305985
ck_3f5e8f3f1df0c8c7,0.051836608204054335
ck_b1c51fdafcd80122,0.013296193846421367
ck_12e2b5ebfe8986b2,0.010778904790620457
ck_d55eb81a4d543c59,0.012573931680323528
ck_f85155ca5c312c7b,0.031846611354875015
ck_133d8a1ac7c0e301,0.9418353373750624
ck_04212a9bb9b28696,0.9966439607412532
ck_4cc11c7d3ca61f73,0.042032010022591604
ck_2df4854186ec515b,0.014262085715636925
ck_aa9b28e7fc43af79,0.12973111010308766
ck_47cad6c3def4c9e4,0.02733374504339219
ck_fbff7b5da8111567,0.0044924641250772
ck_bd25ea782e375b22,0.0296029050116279
ck_7989376f8cf64a9d,0.027140179365401158
ck_675c0ca1ebb1051c,0.0039791975093575105
ck_1436f6e11d4008f9,0.010224170890653497
ck_812cb3a4482cc618,0.025847598610118316
ck_6e606f73a1094afd,0.014195401361208719
ck_1b708e2a4a0584dd,0.018619875174870206
ck_a60d6b324bae0330,0.02907549036622676
ck_706a4f673a9fda3b,0.10354900480967678
ck_a75ece9a9044eed0,0.009968731489754848
ck_9aa45c4e03c8c57a,0.0352435593547252
ck_9fe9bdce982b312c,0.035942248940291285
ck_c6fbdc5ba68a8466,0.13167222721016086
ck_ed0cc1b1c28f9511,0.024471069258578955
ck_a4e2607b4c8021e8,0.005099849087280039
ck_e02f93f51cc8caf3,0.013112702431479994
ck_7084ed3cf20781b7,0.006084349269452268
ck_cd4c63155570d6ea,0.0027298068125125585
ck_d1b9e5d32d2d789f,0.061538450754114585
ck_68f56f6560a7a933,0.003859183084364804
ck_8bedacc6233c6269,0.02182497338418327
ck_ab7cb50407d6b13e,0.01652669762805376
ck_f17ed7e0fd687742,0.05404397780248636
ck_b0fe4b92fc70f72c,0.007181982585716024
ck_84d62b8196da2452,0.014744026521487881
ck_9e298cae167f4693,0.003979239018585325
ck_405b20ef9ad0ba5f,0.04497958130225874
ck_813e02e1ababd177,0.0260565331172689
ck_f234ab47061ba7c0,0.007059285427991209
ck_22b587c18363899a,0.007847497678287687
ck_4e862c2f48c38aeb,0.020550747246953435
ck_b89cb90a420c9075,0.00874803261540952
ck_be2251640f27a3c9,0.16493549242040703
ck_46bec0bff167ed3f,0.008652950665799786
ck_c0032232c2868328,0.004109137162891754
ck_030cf09525dba4ba,0.025624579238726467
ck_6ecf56236789fc09,0.9807557190001153
ck_38d4ed52cbe6d123,0.07466901247583758
ck_2d923d957ffd4d53,0.013304970471999637
ck_3af1eb88728ed8c7,0.015804443542033128
ck_2f8120ca80a1592c,0.010131559698410553
ck_6cabb1a133f0b151,0.007833286439099202
ck_bb6cf7e7b707731d,0.4201695834545893
ck_c8307fecafa90140,0.030696459800576656
ck_75f968be67f46d24,0.02071889037247653
ck_df6fe4ec5a233213,0.06870353905044882
ck_b53e88c0e927d896,0.005426066301538836
ck_f0093064aa28f4d0,0.0198206589866625
ck_ec9976cabc63ff92,0.014485076242522365
ck_30dac0a58c5590cb,0.05164051406365342
ck_348a525791ae6475,0.02852341491733581
ck_b898d912d1181ef9,0.005652466980840776
ck_f5b1200dc6f95760,0.041607516717140094
ck_54978a073e7a0b1a,0.003490922843214637
ck_55933936536a4071,0.029981293937320852
ck_d6ba7ffd2ae08863,0.015811957721313347
ck_404e2217fd87fdd2,0.019495174828493816
ck_dfaafdaefa5716b6,0.028466758489758298
ck_556c62e92d4e7e5b,0.14315186769478183
ck_7ce44f4e06d58111,0.045592779193630445
ck_465cb8ce232c7670,0.11658338581334556
ck_237508ca4fb37268,0.0812258667867379
ck_ba4a6b9aa63964ef,0.026460155340836202
ck_4802a0a7a1882c88,0.05086187019102264
ck_9478dfe4114c30f6,0.003946472961802687
ck_5138f6c575dec64c,0.006704942449023005
ck_aebb42afe430e2e9,0.0028652114128687486
ck_004efa95555437e9,0.011487075948585616
ck_11af112667c98394,0.0032111949816116267
ck_44e9a18a8645c9d3,0.029875466644749608
ck_2605fd571219e28d,0.02299176130430729
ck_dfc933493561d84f,0.007663571000144952
ck_67674348e68d1f25,0.12841805069588214
ck_dd97429277a2fa00,0.30579514682530334
ck_d3eab7a06eb48348,0.0503534483707608
ck_0b9fcff9667ec05a,0.007323041417881604
ck_fc4bfd6e739bddea,0.014380947830701016
ck_43292f70a03ddf2b,0.05484996482555498
ck_5ff6108056a3fef5,0.2188303614084693
ck_767e0be086b5f601,0.051844483426585784
ck_b8465b1a5666155b,0.03294879661724733
ck_ab2e3fc56f5b3aae,0.015517525962871159
ck_1833c81d693c1e07,0.9137414842874595
ck_0308e0602b856445,0.017781128885841643
ck_ccbdfe744acff8bb,0.008641670277249113
ck_b294aa27a0b586d7,0.02135422445710741
ck_a3747201f377626d,0.9819701116449163
ck_edde1d7d1db24725,0.021072957721278502
ck_ae3b47d6e1063704,0.007065061016913838
ck_3aabf5e0f4defb41,0.011812003899128
ck_f034adb57391f3d7,0.0176486837946218
ck_533672fb40531607,0.16915101845283256
ck_2a244f1ae08ef83c,0.028950342753738603
ck_a35d81bcc54ece2f,0.03238075604806981
ck_78a61215675b38f0,0.010701970305609078
ck_e013d88ea7939616,0.008361701392339282
ck_e5018f9418e0102e,0.08253807594597526
ck_d4e024fcda401a31,0.08792525579417113
ck_f736cffbdb82db34,0.006469469342716688
ck_1507f5aa50cdf3a0,0.011003458747076327
ck_18270fee7c8fcee8,0.0024257295910057575
ck_95ffa1a805a1c9d1,0.012721595101503542
ck_11132d245b94d045,0.02500574800663979
ck_7b93a622e40d8b14,0.07291764586028049
ck_3854c08d17704347,0.027025126747548537
ck_7717fcb100dc4b5f,0.04991296641956706
ck_ba54e0a1c328119b,0.3799087521097425
ck_a7afdac4ecbf2de4,0.18706852106744218
ck_ecfb771ed2352085,0.00837749159019384
ck_68be4fefc85a6b64,0.672317738679064
ck_dac7c50bd6d0148f,0.0106223303794721
ck_87cf36a03bd63c24,0.038876547730736066
ck_8adb40b168b59d7c,0.008490378766259868
ck_8d2f62930777416b,0.03145802992218439
ck_9958b58da9e3c21c,0.015898007286579714
ck_9440335375701f44,0.011793462846565855
ck_e2f88e202b6f700a,0.011593475213382875
ck_4c7c50684827a2cf,0.20666538226383288
ck_8a6ea4a79b1c7a8e,0.023960313680640662
ck_186dbff4b24a3bbf,0.46709899528206766
ck_220fda3c11c59b6c,0.04874073137468478
ck_3acccc69f8b1fd14,0.08806553327474488
ck_9de191bf79afd676,0.01683616609313417
ck_6de6b1663f9457f4,0.013101051050675112
ck_062754f8b79b86e5,0.008885603100943615
ck_aa153a89a52f7eb5,0.01736394732029929
ck_34a6bd3be642f15c,0.022666954905746033
ck_9371c700d9830326,0.009069068207092197
ck_a99e0c258ad7576b,0.004419514814790898
ck_0a7ba51d626e932a,0.020887276540298757
ck_852c50bbba1ead13,0.02701388668179314
ck_43dc13b6b6d31297,0.030710530793537427
ck_7d81b59d615a6649,0.027854545425089926
ck_39a3f1da060e88bf,0.005964871440642815
ck_6fb2d142c09ed3ed,0.1233856205445471
ck_6e5752b87324b58c,0.40806167884560834
ck_9441d48a12e8a4bf,0.07164353177423256
ck_09e9c51eb538b255,0.06307550996753748
ck_8d0cd981ed3a183a,0.019690791424771537
ck_57c07c45269ca8c0,0.004198693881825755
ck_ccfc9ab888ba933d,0.11563871279247963
ck_9658a6ef471053f0,0.05583326897264737
ck_dac3852758f4ea89,0.021297413720838265
ck_b1ed2278f5f14d82,0.06413248968850782
ck_333544d173524f70,0.05570727798782194
ck_fd4582e3853ef23f,0.009826140831750992
ck_614d936cef98db04,0.029011294589661136
ck_6bc351a3d57aac54,0.012338859483296521
ck_af5842fa7202ff25,0.005459959918247806
ck_81307759252571be,0.0025817125756997976
ck_b4d2f02d2cd45720,0.10891650129674564
ck_1bd753a4681946c8,0.9685467163476846
ck_46d8c029d46867b2,0.00927159387599013
ck_b7da6640fa2f49cf,0.10911921027317556
ck_9ea3d5a5a91fef9f,0.06936297056084886
ck_7b922518f667f76a,0.004197989482325474
ck_2a5b31594206eb30,0.6116451893827476
ck_d9506476ad3f9e08,0.014695152914309563
ck_c8791f7ebd4d93c7,0.018142431542490595
ck_b5a3e20fd210017d,0.003648866495872926
ck_8e54386f4fe22cad,0.013013982056189399
ck_75296704f5806f56,0.03445485497296479
ck_0fbbc7a6af300368,0.045035317130435494
ck_d19bf4dc0627113d,0.010416326726870437
ck_7951bd4eb99a0175,0.01593323627864343
ck_059e4fac6b7f704e,0.004681462698739345
ck_2ce8931af02a2ce3,0.00870959252607612
ck_9e665618a4860306,0.05225502619155422
ck_6fce5a893613fd2c,0.00485616736181873
ck_9e3fbd04e3532f32,0.33209370528037335
ck_55f2ef0de3420e3e,0.008977475456790073
ck_8d87658a6f5d204c,0.7596100234094367
ck_6d6ac1f5dd882aa5,0.009870159640561786
ck_55d0c7012d7ef236,0.023017671649486024
ck_7738eb085e5753d6,0.008473615503328688
ck_0e6e05c3cc8c8242,0.008197870381177582
ck_8d27ff8383d48132,0.03100373755513043
ck_9afc3bb849f3a64d,0.02206482837672159
ck_27eb86a9898cdfe3,0.014618593227598555
ck_1d40e4fc541abe93,0.055486698738074346
ck_4fd9dc00e1913587,0.9391463999077517
ck_b26cdb2b7b165d2e,0.017457439641042488
ck_a79a27767a02e31f,0.05239621174507651
ck_f0c18cb9f951a71e,0.029995410185542963
ck_50460e0189de6274,0.9080247194356161
ck_5e5280539257c986,0.006871437971441753
ck_eeb854318b3a6f0a,0.01907468642962915
ck_943f66f28dd24750,0.00652493392327705
ck_984dd7452aee372d,0.04158224196753937
ck_ecaa6de0aca5e9a0,0.01688434277602194
ck_8f1cbc432e2774f8,0.03569581971463908
ck_d91d9f8445b9769a,0.22462156550870624
ck_73c18e03e3c7612e,0.005472911882972017
ck_aded05ada490da20,0.007754960094458533
ck_f744e208183971f8,0.012213133157387628
ck_02d4cef6358ad3b7,0.030644153946362534
ck_08ff5bd467226a5f,0.008354366632101115
ck_f824b326d5089885,0.29308465841798315
ck_3420f2fd520890f3,0.013440238553910312
ck_1838cf8d00f5b1e1,0.01284915949903933
ck_a85182ad90b6f1e1,0.018951085511787286
ck_fecb39c82c43e76d,0.12897152313287263
ck_162513e73782929f,0.007452370742699487
ck_2c27b77c59d8f23b,0.1299852393428459
ck_4221e07b17388fd3,0.03659399055817271
ck_adfb8472d5c3d669,0.007031228207081009
ck_0742fe64055d686f,0.02450222167372908
ck_5060aefcc8b6f958,0.008302068424449477
ck_643f549b4ac78a26,0.14828408504961407
ck_dba767885bd6ad69,0.005130216237314591
ck_0dda35c0c64c7073,0.9831479960276461
ck_38ea56d43afa5660,0.015337512500801996
ck_d813e15ac91f487c,0.09227845564321673
ck_4c840e5585a7b167,0.1331070900769417
ck_cb8551453a7bb929,0.023041792763285007
ck_05a00b1dd5a03359,0.013770039408618904
ck_837cc7fd48453a01,0.0025704379420669853
ck_49dd816b31fba6b6,0.3531037954218209
ck_86a61d9a39768e87,0.03220809268559002
ck_cd0e76f0e7bb38cc,0.04422394549211625
ck_dbe58392635133ca,0.02436180862860308
ck_3caec7dd6f8d02c9,0.02974452132538359
ck_bfd9bfc5b6ab4a54,0.3252930661033962
ck_2103399bdb2898a6,0.007671146184392453
ck_329f7de7279e74c5,0.008140706461502516
ck_9bf0d28119fc42c8,0.013614533444070796
ck_f781539b1042dc83,0.03755776066296236
ck_9986c7d781ac6b4e,0.007913850587742088
ck_a627734880aca848,0.00402106682427081
ck_2106e509d77fdb4a,0.27989789688158506
ck_420d1a9c604293ce,0.003948814281317101
ck_fce0610c527e2b56,0.02193804380016666
ck_073da541ec3f9d3d,0.012793007514798923
ck_aa5f3ab48c17fed8,0.09856270075502922
ck_0fc1086e1c9e04b6,0.011599399361415788
ck_5c33bb46c1a5945b,0.024723930067775676
ck_500948a8d4bd8e13,0.015850810263306602
ck_19becd44f2c3d2b5,0.03847370499916378
ck_7d0fe77dd5ddb656,0.02775930480704099
ck_f158d9e5f101bb35,0.026679070648781517
ck_cdd7c77823c2257f,0.11831102907207217
ck_6c7b41374f9b2e55,0.0077964670818257194
ck_417090dbffb1a63c,0.022366627677171864
ck_dd0e17605f970319,0.010008943400323942
ck_3646515079e6be55,0.010775074624770906
ck_89c8b06aa8c84b2d,0.09224512985438031
ck_e4d6dedd97233c07,0.030556297626106177
ck_bc82fb1895fddde5,0.008831439578661712
ck_88a8b1d442ca3686,0.013819984029045149
ck_5791f8f76a629a4f,0.02014307190478622
ck_9cf5e88e97c8c7ea,0.02322304468119848
ck_58fd684aa5a6f289,0.0025467926553635377
ck_9800c21dfbd8e811,0.020771073292466004
ck_8ae64df60ab6ccda,0.006896095366481781
ck_e535fb0f0c00418d,0.19863482894744264
ck_48011996d54855ac,0.13655009767039
ck_ac79c72a8fe3fdef,0.1426481346382079
ck_b8cc2df5192bc49b,0.04197496905957164
ck_e96a5e1f08f8a867,0.003955193033514955
ck_84df6770549e43fa,0.0021898733044243145
ck_e5f7b99ba6ec5767,0.02545468210534024
ck_8347455ab53ff620,0.0033292677654680834
ck_a84f2cdf695a71d6,0.004028701998422698
ck_90456160115f9ef4,0.03126196643294098
ck_ebd178b3f3a9c50c,0.0316110726193214
ck_e1140be6157bacbe,0.0063162895203461985
ck_744ffc11d32b96bc,0.04598488583716995
ck_e12a9f7d027e3387,0.006965213949102055
ck_cbe525da0b69f18a,0.006694753951966326
ck_aa59702537557ff1,0.17566711473443902
ck_0348cc6908f7f3af,0.001635326113876315
ck_120e995d50956bee,0.04921193920335064
ck_9fcde1ff46cbbea5,0.0027900217092750343
ck_54b0b070689c50d6,0.0034447681215141043
ck_966a167758fddfd4,0.049931330778657926
ck_d5194f2e92fd6427,0.004115814533553991
ck_2ee84f3fa27f2cb8,0.007359876272142784
ck_57d0a7eb7eae2eaf,0.03966298298058565
ck_6a2c4edd82e10969,0.0028428681942140785
ck_96e4d38ef670eaff,0.006537327466353975
ck_52cc2fd5095b169d,0.0565605184100468
ck_4b088920f3a844c1,0.055292450193963213
ck_8f3ccbd20d59f1f4,0.06956161701774488
ck_e5e5dc431bed6f9d,0.0081223933308421
ck_e8b5bfa6838e28d1,0.012658502990989605
ck_4bfeb78b47b7c6a1,0.02478291756828377
ck_a705c61bd679496f,0.01955503055515409
ck_731869a0c39cb2fe,0.03986685172191788
ck_259eb102342057ea,0.010979000637418987
ck_47a6005fabc33551,0.04318114994634206
ck_682262b455a9edd4,0.007763297982007263
ck_e839d104854945f0,0.004401865916209665
ck_761989aa4c47d746,0.018559439650085552
ck_44211dc210139ed3,0.11654192843359923
ck_9915ceedf63a5289,0.06731644937042534
ck_da59ab47cb6284ad,0.019095545592522682
ck_e5cdbfcca2456652,0.0624657822304834
ck_13f2560c6a1ec62f,0.013853086893658289
ck_a0543e9b3abe1001,0.13604569226419172
ck_11c7a58e09e6547b,0.009705927694617778
ck_69587a134d43a4ad,0.14121374002142034
ck_28dc0de0ae291f37,0.015650670103727046
ck_298922703c5bbe05,0.038242730461434
ck_fa5ba9ed9ed6a343,0.03290979694172242
ck_c08e64d424e56c05,0.040121693009820034
ck_598e036a28262aeb,0.02041432903714314
ck_3f7c870510083a51,0.0033932265296642205
ck_364f8203a3e98d36,0.3733216778365065
ck_7333cedb61506ead,0.007286958754412807
ck_1d96d7fd65f208b2,0.024489832601579775
ck_63133a79f23e2627,0.07143594199917185
ck_901d820e0b72abae,0.012829316955632369
ck_5dd80b3c01457bd8,0.011663390813801565
ck_c0b8067c144ed6c1,0.019209948527860326
ck_cebb8aa8c8f62c60,0.0539471723113107
ck_79749eca42ff1f5f,0.016178906547704236
ck_2cc1d9b587f6da31,0.055426494032561814
ck_ccc7916b56d42195,0.0032180795183134555
ck_e43e53cc7b8b8e41,0.027598252492150088
ck_4ab74a6e7450416c,0.022970505986396075
ck_6e44024e9de301c6,0.00337009587495543
ck_dd78cb6ae2866cc6,0.02480035448018153
ck_c363d3b050baf3b8,0.11599387938957108
ck_2d46291975f0dd08,0.026487041935538164
ck_76ebeb5aee42f041,0.044394751857947626
ck_8395f004cf4d4c08,0.0012551814779250298
ck_de7259c3741db179,0.012841103211988614
ck_3938e92585df2b34,0.03567604214828186
ck_af69bfcf4f07d932,0.004066372169022173
ck_1723900ab9afe374,0.08446039227350421
ck_3d58628d1c853c8a,0.06740669558754243
ck_12a074db100481cf,0.05386118355253405
ck_8716cbf892c50e29,0.0037002497273578468
ck_fbf7351958ad9615,0.007934601090885058
ck_a50370907e6b397c,0.11397969080585438
ck_937402a60df0821c,0.008814296631678285
ck_8ce9c5807acbef48,0.017814923527644397
ck_acf7d65eaaa4c31c,0.01053885528924874
ck_ec3eb6dd0967cac5,0.09780531974513162
ck_fc832b0c90c9bdb9,0.6323943837046833
ck_8129e81cde280131,0.0019365662570890129
ck_52c0ef68aa2fb8cf,0.010730148669743233
ck_06f042e9b1b662fd,0.05783789502969938
ck_0bf35dcf7b38f650,0.019874835006611767
ck_615763afc2e17a7f,0.007548890733328695
ck_e72db9d4b2fc9997,0.9858353072625056
ck_13757bf0eeb353e2,0.0095765446957101
ck_abaf371ec8249c4a,0.06203939033965942
ck_9b7167da0920c37b,0.029000885427109848
ck_2e824b0b27494a17,0.02060929869908068
ck_9a0b605e9c3220c4,0.02943543346076323
ck_a5276af466b681de,0.002739355869868418
ck_9e0383e1fb6e214d,0.03988263247497494
ck_6a27c44b691dbfac,0.00732360108994733
ck_af39767cf583905b,0.00784314055331022
ck_243b1b9fdd3f9a74,0.041813564276442505
ck_c0422e638a9c6046,0.02460931535396944
ck_e0f3ea3373dfc4aa,0.019200139366690797
ck_d56ee1654378ffc7,0.011894113749402985
ck_20cd2f5666719baa,0.006801259695522648
ck_4dfa1c1e9b69fcc8,0.003812877956604286
ck_5d22e9ca1d15180b,0.03657038342297343
ck_f4a7ac178fd55f0e,0.03029482117197999
ck_fd5609bd23a1eaf8,0.0015440983436140778
ck_49c3bf13dc9471ce,0.011909694804993778
ck_724085c3452d4693,0.09278235548850973
ck_e5d1462846154a75,0.02905251619651019
ck_c69ef0f3e7d6acf9,0.06174293003663291
ck_a2d0417791d4132d,0.019431332468598045
ck_00a07fc2a9183c3a,0.004023751159823764
ck_781b8288e54ba8f8,0.08914088079240044
ck_d74a62ab3804a81b,0.005074154852703293
ck_abcbde211b6267f8,0.06513489948596804
ck_16dbafc035574654,0.021811575159994514
ck_018f780215ecaf38,0.004495460674733209
ck_0b259620eac51618,0.003970433836065476
ck_4f875342394c110f,0.08377007383372044
ck_399e45e5fe9beaee,0.08669758491991963
ck_36224a2d394ebfe4,0.05036530914058805
ck_c189b551bd111332,0.021055702436238753
ck_125c5a720ecb177a,0.07841220106249813
ck_76d010aa02eb477a,0.006383475901498398
ck_1071d14c46c92379,0.1482504416268112
ck_61d244b2cde483af,0.00294408834447155
ck_2ff1860da2004c84,0.008146160024883834
ck_c5b583490198672d,0.006808895273697565
ck_1294f7af22fade11,0.047631803600931756
ck_e3a22799716df39d,0.07666359026284553
ck_c77e22834ef97005,0.4855517792574829
ck_73d3689728270a2b,0.0035378772021179014
ck_295565fbf77ef885,0.012454299781349595
ck_80c0a7f54ff4895d,0.00423424012565508
ck_f1ef5cf7f10b16c8,0.022699257554265183
ck_a958b2461ffc21a2,0.12284629595947785
ck_0e7899a57cd617d6,0.015557191538032467
ck_9d4fed252718f58a,0.01338893925051823
ck_83c2c34add971d76,0.014494477521328845
ck_9ccc030ba2de9fb2,0.013858329547098933
ck_cd691e3466fb3742,0.07333078370074546
ck_49df70f908dfd069,0.06873232039233594
ck_362ce13eec1e33a0,0.03481133976753963
ck_2452a30397dfc54c,0.008384674853537513
ck_a443d49c2b4863b0,0.005292032384182485
ck_c8b2e2cb349dd0ff,0.021750709313282025
ck_354909fecf5da8cf,0.013322864929376807
ck_841f598bbd54c83f,0.013645956885894508
ck_cd6fbd4e8724f994,0.04725925885053403
ck_e0b3158111370118,0.01587668762217569
ck_4c2f2eb657c2c60e,0.012816842530388154
ck_ef346071f0b7654b,0.013654490302495109
ck_f3bc10e3decefce4,0.04889346106939597
ck_189b6fbe9b9192e7,0.007150597501233851
ck_5245cbc5ff4d4fa6,0.021611999271738402
ck_cb42e3be6fe87f60,0.05138151726672062
ck_966d4d713cbc7792,0.006655296158512432
ck_1c8c969667cbaab2,0.5617075990641187
ck_d35e3aa9ef5d405e,0.30558195488707784
ck_a1c39df50a5873b3,0.024550992657957744
ck_a152165caf295b51,0.03485316827629398
ck_891eaedae139828e,0.003092229458648965
ck_1a46b56f4734d52e,0.014877203781538582
ck_5e36042cfad96c99,0.2868068178546336
ck_02a8582c2603e675,0.011733696585959142
ck_6def9d0429e4ed4b,0.015662406381309092
ck_e137400825a1e3e6,0.008189277477276345
ck_d91ab840848a54fc,0.009166402442357597
ck_becb6e1c608e0078,0.020319897432985762
ck_6fd8c86ac719d7eb,0.11901408950565057
ck_3ed4d13f12fd9d0e,0.05437349061063933
ck_007337aa99a4891e,0.0036666459423921457
ck_60c3d8306527a08d,0.006519906599243315
ck_95458880a54df0b1,0.11048800722488435
ck_b48cd8593533fc1d,0.14384110333591768
ck_021c6a4a7e3f1f0e,0.014848262945466553
ck_764d40f865e710af,0.01775351916630071
ck_4b84357ae8ec7777,0.0035946662095024903
ck_3397c7856b4669a5,0.008137794921565536
ck_920bb003b42e6310,0.001286092977857383
ck_8f59f11b512d5b7c,0.06536390050488786
ck_a3acf4b986afa98b,0.7125088624959057
ck_e89d25ed7bdeeaea,0.016116786027745432
ck_70e6bca473bf6902,0.002600583139260706
ck_186161ce152836f5,0.00803480969365936
ck_9191579254663f5d,0.0052635435670885
ck_1e6628879e9d653c,0.018402886442245095
ck_b498fa91a0776ff6,0.013927861819196526
ck_cfc2384f22954830,0.08351775598282869
ck_17673a1c2867888a,0.0027530402419063075
ck_523dce06515b072d,0.017502620432834282
ck_c20638a325ead2e4,0.005848261935423679
ck_d3877e1f907cc148,0.0038724826709360905
ck_e9a2495dea8675e2,0.018322074205210596
ck_7e561caa5fa1f3f1,0.0615704481201985
ck_455672e652fe1abc,0.949127910154648
ck_7f8f864fcc90ca82,0.03353360802327756
ck_1ad36046aaeb816c,0.0056011122487099295
ck_de056e37c82e8e00,0.032548162697698085
ck_7484c214c889fe7f,0.060248186791680654
ck_32430e678c4f9f53,0.0031594003655931796
ck_6276ece8f80ea799,0.01678021547204458
ck_ae8e5dc4b725bc25,0.06568290044278334
ck_f01be92dc78a2dc7,0.01669421886249591
ck_233397a8bd40d38d,0.013150600189386923
ck_f8124911450fdf31,0.6053807648047285
ck_aa0a3179f1111674,0.0024361850650421353
ck_2366b29ed9887a5e,0.019282526712921567
ck_1f22f04dfc08cf27,0.004491190694093156
ck_b62276c3426d680c,0.007966041422928295
ck_d099fca88691f66f,0.04993242038638844
ck_166bd1dcbaf4d6fa,0.006892670060236709
ck_7b1660e942436e12,0.014266684359854648
ck_4a9a791a1d409a3d,0.009465854394959304
ck_b003e5b54df65db4,0.0048282125198963145
ck_64b4dcbf436f0b75,0.008875083640624948
ck_26e9a7bb2061a58e,0.02297618929441495
ck_08b77ad5f8f73007,0.006594989641700413
ck_366616a725afc6bd,0.013053595984009634
ck_934fb5064b6eefe2,0.004193644324184374
ck_c6abd5d57b1009d2,0.01721478668180895
ck_edcfa9e1cf29d813,0.01566764436675944
ck_c30201ebd003fdc7,0.015934969314399253
ck_c54643d94d3ce355,0.04159523664273784
ck_02adda6e91e49650,0.016811219948597585
ck_5b73d7c5255e58a3,0.0910487295067563
ck_129ffae92dc01408,0.029034577428309373
ck_fa321945ebedb916,0.0934752593776331
ck_8da980cb2e1e2bfb,0.03008408413503605
ck_0576b00d728bdf19,0.04161233680284961
ck_c543d82e22b3c8a5,0.009558823513726524
ck_0027ba644f9ae2cd,0.3079785173200241
ck_8dbf61df902a6bbc,0.013163726939774776
ck_90eeca1cda79fd41,0.0064792093411883715
ck_86d7127391d4e01f,0.0047006767095483385
ck_73762038c7ff2f6f,0.0334146008516297
ck_a1484e6215fac651,0.2457138385825194
ck_cb83b9f806e90dc6,0.1583943496782063
ck_8c6f059c95872126,0.032054164045272796
ck_3174419a81e7caf2,0.008517612679196901
ck_6a0f8f8fa4a3c2bc,0.015883738848563707
ck_b5777605668bfca1,0.025407054828896727
ck_27e4de495abb4d15,0.003497526887419675
ck_7f6fa79c7a107161,0.009109323957370713
ck_c36ed9f8e6792ea4,0.026544650625945347
ck_67a1aa88d2ea554a,0.14454235157142623
ck_09748dfe4df3d540,0.011258830100975658
ck_27fd85b1e38b675a,0.007934865480233717
ck_2369689bd795ee10,0.013369258168593343
ck_4eb1c12f7d092bac,0.0015478373585263133
ck_01fbafc42c8e33f5,0.006274992307122284
ck_93c4e05699b3b7d0,0.006539616440738299
ck_afc484d1b6907983,0.0023781011492944562
ck_1b2d9cae92a1aab1,0.04674495527472025
ck_73b729cb161487f2,0.002416253745195987
ck_fe3c1d0ac090d960,0.03682501192695967
ck_408efac1d3885ff8,0.04834010001286511
ck_ccb4dd9d0a48a76e,0.004773725066607892
ck_2987eab34ca7805d,0.01629186687335673
ck_1dbf1f15193197db,0.10413515137794004
ck_4ed711fe4053e74d,0.16566470898583688
ck_6c54adce174f45f4,0.038603678508187474
ck_a6c740041faf0bd5,0.006016322020022203
ck_b05c4d33c4f43639,0.05034833199511086
ck_032880f1114dd51c,0.025366743496750273
ck_22311b037456a76e,0.008972007561125882
ck_5866b413549765bf,0.032797537631787756
ck_0e808afe2570ecac,0.010390178482189077
ck_634276b05f4381f8,0.010788732399550326
ck_5d8773badd0d4740,0.015513304167411809
ck_82b5b79ce3517102,0.9789114160143955
ck_b378b8d8100ee4b1,0.02221350379427409
ck_54e581f71be5430d,0.006752909122775477
ck_798ba4b8aa544fea,0.034215867078734655
ck_3fe86b6331ff95e3,0.052859106231662165
ck_81275d9d4c559e6f,0.00913725394366738
ck_99a4e5ef02d89493,0.03234149387557057
ck_54e2eb018d947790,0.019918222547470138
ck_966901ea9c77cc02,0.008541249953209346
ck_27d69ff4e0cb428c,0.14428688650934135
ck_2cee2dd7bbfc09a0,0.6755905158416174
ck_4136b00924695ab4,0.0015600061319103317
ck_59a164c40c03a45f,0.029743701622207453
ck_3e24b026bc66789b,0.0023805543447434335
ck_8105bcf69a75ee47,0.008313400960419484
ck_7a1782cefe26a456,0.07418398367743653
ck_970c7dc195161272,0.0022749558613661875
ck_a48ec0c00ae20e82,0.04292944261992171
ck_54b374ade34e1dc1,0.0842144756900994
ck_74e5dec189761d14,0.019483135599344163
ck_4717f24f2c6f40e1,0.08261913860034435
ck_fc8cd8a8209e802d,0.004048845876120017
ck_71db4131d7efe218,0.06076099382472631
ck_45424ea6f0bc4650,0.1211279303670256
ck_3716c6181a5035bc,0.023957000819178134
ck_26de14b96bdad4f6,0.006087169062952926
ck_99c0a41ac9c73857,0.006449618983625411
ck_645f15bbbcff3b4f,0.983734820946778
ck_b7e25ddd41514d4c,0.03464515123761397
ck_d5c14e877ca7b755,0.017013758369278837
ck_05ea4440dac6cfad,0.024819845763879595
ck_c58bafff7b1955cc,0.016122662862884496
ck_f0cf85b67a9b840f,0.017345965900750885
ck_ce1500a7f0d03fba,0.005167924133145855
ck_d4972a775aadbbc8,0.013741090083337423
ck_3eb6146c262e0fc3,0.025189412020962646
ck_afb23858a4ef42ed,0.9823408900374925
ck_2c1def5c91c52a5b,0.12109695422973674
ck_72e550559487b919,0.002939800838750413
ck_0284dc2b4f856b3a,0.15310290325574433
ck_03be334935e999a2,0.04669724540309233
ck_e35a4b4a3cb4cedf,0.001978562917319857
ck_5abe57dfff4b735c,0.08665437108372515
ck_f5f87f772388efa0,0.01772262952297321
ck_5a22cb36d612236e,0.04377851412920194
ck_8ff1e6028e764472,0.8870029449590446
ck_2ab28149b0986642,0.012729924691883882
ck_c88fc1bac79fa6d3,0.06122075924332142
ck_5b137d74bba6b1b4,0.006437630323223541
ck_11f362dca2dfaf5a,0.0056633153522616395
ck_7f960541e5174565,0.01130667776927728
ck_d5458ba39ae94498,0.012884353863983254
ck_0a921a73a90c2e39,0.07184108848548923
ck_6ad56ef40086dbe4,0.005464626016867288
ck_b68199ecccf2350c,0.00715908425312671
ck_6dac66c8198c07d8,0.012612642231247374
ck_9b9ce7bebc235fe8,0.01589923837683229
ck_6b817117d87063a8,0.0033862194784467755
ck_900d62b3184378c7,0.018968190750810684
ck_eafe9b89857149b5,0.008145970807940406
ck_e74716a525ee5b24,0.006390655631940211
ck_4e9a6f06ab134102,0.007613102188800318
ck_b0d33b5a3716661d,0.014827479899369288
ck_8703543bf3134306,0.012998905071304063
ck_923d6a0f83accef1,0.00783920237177946
ck_52e37e2170532e2a,0.15646221127210067
ck_c1c5ea839c58958a,0.03635846806287664
ck_660f0006780e87e7,0.05564827569156129
ck_830b2c5d1818ac07,0.01585588410707742
ck_b080ff636932d1f1,0.002182939151355947
ck_38730aace405f2ae,0.9934949530221074
ck_9790138467a06223,0.0022137521194574945
ck_10de0b0d86b17839,0.027262069960831546
ck_c3e37a4d3382c32e,0.013003949325867022
ck_dd8edfefa1eba531,0.03612149737211157
ck_8153cdadd300d234,0.004693253929007384
ck_74d0e7c2c6b63d36,0.9776404482078483
ck_c478aae3031bb328,0.054242772367684954
ck_cf301f2194975866,0.003942787866438553
ck_f4de03f44e3a5bd5,0.05766842600919175
ck_b06ce826e593b210,0.039797732374135614
ck_2fc70b6baf6a0e26,0.055532190076815764
ck_d208494cf5c90047,0.07708510206390234
ck_086d29ccae565e5d,0.015868628465650653
ck_d5ef6dc116dee408,0.014148516732646622
ck_fdf0c5b722d83464,0.00421889326697157
ck_de8494b13adeffb5,0.020288538953025924
ck_556786868599143b,0.003745110007310046
ck_4940e78cbdcfecf3,0.007696579218079357
ck_d32fbbfe32c00416,0.009201198548529568
ck_bc7710f7e9fae649,0.005152046841823166
ck_416f7ac57da081a3,0.021986749825527736
ck_6fb39b60c67d5475,0.02714068863811319
ck_e40a156511345d6a,0.03777051237467316
ck_49ab879b5aa7fccd,0.18018347060098136
ck_bb643194d1cbc47c,0.982053754086233
ck_b3ce8f1bcedfa043,0.022543254616547135
ck_558ebde8c29132a4,0.023515960019588764
ck_e6222925762273b8,0.02012321773416404
ck_bd80546b4807dd59,0.10671480456636687
ck_bd21164bd2bbb635,0.021604098308562643
ck_ea835557d7043667,0.021326371017306223
ck_1411a80a157ff39c,0.007148800624841548
ck_ab973888c20c9120,0.02582386670526695
ck_95b48972061abe82,0.00460058762906661
ck_fc4a43f8876bf10f,0.014943203974801924
ck_f34fb7ccf82f41e5,0.01239191225299747
ck_5af9934a56801ac0,0.005203141139457215
ck_fc7445ec76389a58,0.18550586330155514
ck_1eeacc26f02fbba4,0.029645498021347423
ck_4f325dd15c9bd45c,0.02914363903100395
ck_5009a6c8bbaf15ba,0.03663158714856439
ck_0f3de7f074bb33af,0.036825049402079466
ck_2cbc2f93a32eede8,0.06715058264868388
ck_4bb90a61c21a303b,0.006898847804190879
ck_3ade9eac7d7b0dbf,0.11678567447891579
ck_4859a58629622915,0.34158199691213487
ck_5fed957287ebca03,0.015095611889090992
ck_ec01ae5351500355,0.01984514447075645
ck_703b41624ae6a5b6,0.03579637987111652
ck_97c38e7f61c27e47,0.009814432534865612
ck_db2c0908150cb2cc,0.0325067955739686
ck_64ac5e6fed86ab60,0.9103098086441902
ck_da1c853b0a061e83,0.04529262567000068
ck_9a36916b60178ded,0.5696905284911028
ck_3715bfa7fed2c675,0.02695586646550789
ck_dd3feb77d7d4f6d3,0.0017421172440828746
ck_982ebb24174a4ade,0.00365992696467498
ck_f6b7a10d47dd9a1f,0.003309996404544903
ck_1f56fe99f250cdf4,0.03234483710649144
ck_deb3ac0606d6f6db,0.0029387787362781157
ck_e666629e5a41b39b,0.009280184274896098
ck_756d2c13d02b3e09,0.005222596729474145
ck_7bc752ae7cf5d55f,0.004129322531656407
ck_fc0cc4b25e6a8194,0.006293453725902743
ck_9b2b0e286de78a1b,0.00507054335817262
ck_24b0803447211bf3,0.009511467970162963
ck_82eed68d05a42128,0.03581980693756769
ck_c8a03c516ed5b05c,0.0521626897800326
ck_e914974cee1bccb1,0.19591959505720016
ck_0c533ff2d0f9962a,0.007362323125018126
ck_c12805fa5d970a83,0.08496220323115511
ck_fc2cb29918631f10,0.09786823400253536
ck_c20e89afe575549b,0.01675249272914989
ck_e1ff9e31becc27ae,0.0346510039912265
ck_18116d0ac08f1996,0.8847998244659115
ck_885a83975cea5e64,0.023390840767194877
ck_a0c3059a959ba5d1,0.020968661220887606
ck_75257ca7d7da2861,0.013360248484791474
ck_2210f7a0d13bdbef,0.018360041865994367
ck_9cbd9ecf8374f65f,0.005103525573442209
ck_18f67c00ba21fbde,0.0015596804859052873
ck_2d28f14d3973d8fb,0.01818171484168368
ck_8b3401b44aaae728,0.023820558460224232
ck_9d8e9ef37797d3af,0.6429784029565633
ck_9f50920c894f64e1,0.020749605967862038
ck_4737e0d56c6fa0a1,0.0054153246419964204
ck_52c311f29ca3aca9,0.00467576394457016
ck_6a4981bc721df37a,0.018084637769026062
ck_823539d936c55fc6,0.007483129049487531
ck_df5aedb4118020bf,0.7591800517739387
ck_a911a066ff0f7b56,0.070767107141343
ck_684609767df4a14b,0.049764664730958266
ck_f2350bf355dc919e,0.04280133080007146
ck_8452b6cf97c65a5e,0.017319078055853955
ck_084cd84501012218,0.7942309612822349
ck_ace6b72e5bf3e93b,0.06725756489199332
ck_2afdd69094c955c5,0.06591408688174545
ck_fa7d5be26bf7b31c,0.11118938171248159
ck_4b041217690fca2f,0.02555818725069498
ck_9fb8e3d38cdf276d,0.8403351808479397
ck_c1ee56d65a42f59f,0.4557075291337633
ck_fdeaa1cd085691f0,0.0065118122737441615
ck_5de33a7a87e9aa62,0.033202041281131627
ck_7476e7fe1ff45545,0.04827265848734003
ck_b0a947b498e47018,0.006119623799218023
ck_e3894ed88a7977e4,0.005878851651052769
ck_c7e07ebfb0bc15f6,0.039372939762208764
ck_3a3daa8b376f2a18,0.004518063654948797
ck_87809324c2675b0a,0.015032417845688498
ck_7eb4f33260f1dcd4,0.020258348380459642
ck_ab9f0e08af030060,0.025687485627709585
ck_5b8fc4a76f340797,0.01713086509537124
ck_0e7bf10ef49aa818,0.0332237796284056
ck_a44462a3853ac67e,0.9595860800374891
ck_2d14bcd2e0fc043d,0.0015999352611576801
ck_df1f2dba802296be,0.5141138493847274
ck_466a7316eaf149b1,0.015972101568751996
ck_50df50af592b0c06,0.0054511021195789025
ck_5f9e34c849704b95,0.01419960569667871
ck_7836bf6def26aa87,0.11577012069241956
ck_ba175b1bd8efaabf,0.02868150722582408
ck_1a0aac7f7b94b1be,0.16075651400220933
ck_6768c4b2aa8ce586,0.009893564896421259
ck_eefcf0ed15897898,0.004741912367399793
ck_7a6cb27e390b6ceb,0.006896190671019468
ck_5275be4e1577c1c7,0.02016523533654472
ck_6bc0e5b8c0b7d2bd,0.04529828629737197
ck_4874bdec79f9106c,0.007697974567063127
ck_a678731156ad7bd2,0.11270236272879684
ck_db906debc36a5d1e,0.05180337158576367
ck_e87897767c612942,0.020157496600996815
ck_45ed5ee496ef8a67,0.05218973629760271
ck_ae20e28f9854f3ee,0.02837752209580806
ck_9ee044b73943a90b,0.0054962211385393015
ck_dab34cf6f0626c9b,0.049138512802561256
ck_64a02b7b96149810,0.024972942663073393
ck_c417d06f3e94685d,0.014773210190531379
ck_3e0149cdee4cb294,0.030866091864785616
ck_0e6046fc30f81705,0.006914044238912971
ck_c383aeabd53e9c89,0.02542319883073017
ck_2ef76f1f36e8b869,0.06857074590612032
ck_43948784650bb9ac,0.014480636017765386
ck_bdb966f43ac350ee,0.028827454145419033
ck_5bea0e0ee0b094cd,0.001469814340262132
ck_dff090f03ca5529e,0.019191896660633527
ck_a4691b57f837d88e,0.020293006346143155
ck_99ee90946395d74d,0.4337818078920352
ck_cc81dbc83a8879fd,0.0027769501746490927
ck_f3dc0725621b3a35,0.06178728253811159
ck_1bb212d1288b9689,0.017022082295211374
ck_9e7278fc7679f002,0.06350592233957796
ck_3ded7a8720d7e311,0.004430397322364661
ck_798157bcdb9453e1,0.00806691953008219
ck_9fba80f56f357fe1,0.0030660300808439483
ck_f1e1c8491f16f912,0.027941881951184373
ck_7b1319a5ca2f63c6,0.7867036009092367
ck_124432fd5c92af7e,0.6176912197023279
ck_148cb0c723284dc0,0.0028209774255356355
ck_b56c62c950eda009,0.026702059670844894
ck_a0498755cd8d7188,0.014611797409851699
ck_5379452a9d74efae,0.008722917160627359
ck_6c2453229d608183,0.008555206283410503
ck_f9d8b4813a88c1e6,0.0032269973194096408
ck_c2c7d1e45a521857,0.04635400508085468
ck_4364a83a11743888,0.002763031362401066
ck_2cdf5fd97ba75e06,0.06559642997617728
ck_71bc01291e0533a0,0.12255253186551744
ck_a725d7aed2a0bdc2,0.022838124435547776
ck_a9b0c4dbd7db6a91,0.0765458151305052
ck_a4258806a533efa9,0.013139687170345575
ck_905e460591d9a278,0.2046275340597201
ck_20de8abfd8960ee3,0.027976309222488546
ck_252b0a0f1119b220,0.012152808776887184
ck_95e4bef65c36af1a,0.008509434936213815
ck_5ab68b434ad53fea,0.0024080854343438074
ck_13677a1957078827,0.0038707923391680253
ck_d251e9fa09e542dd,0.9977293564240092
ck_700cb620f300dd47,0.009475686163452074
ck_39a68c55a1bd3ace,0.1692985102328225
ck_61a59a7944d6c53e,0.09724367336155373
ck_db6d1c6d31da967a,0.019331293950129256
ck_650020c500b1b50d,0.013537353402241404
ck_d812eb6930192793,0.007198376577660409
ck_92f6ebc11ebca89b,0.04705459748640501
ck_d87e26eb5bc84b01,0.0019143937234407916
ck_66439e697695224c,0.014687719273429713
ck_f21efd504faa654c,0.14447612956960723
ck_15eed0f5652f0352,0.009443339207608937
ck_bcdbf57d98dc0d27,0.02255525471223927
ck_873ceb8004d3a9f7,0.02786405060938082
ck_70bef9ddd4bab005,0.0031518007733725597
ck_7560f1891d66f294,0.012615579793602666
ck_f439f16f8693883f,0.013087178716160101
ck_14f9535e53f9c7a6,0.01139884163611786
ck_5984be472d2bc267,0.215723715145968
ck_ed01be7504dc4187,0.030276445910860556
ck_dc3d8b5c17b67ae9,0.018823664718149162
ck_9dc23031b6b494af,0.056052108030485555
ck_fbdac0221bc03f66,0.006301653684608693
ck_863708a99b92ef0d,0.023239716994169414
ck_22b52654776a1ea8,0.6541300231697523
ck_a0714f98001efa0c,0.014682041779779472
ck_9c56114f84e9a541,0.005204432456097954
ck_e155cf506b2fb699,0.004064182680554475
ck_65ed7e72f24731e7,0.04914727574943929
ck_822d6e8e43befc72,0.06258364243894055
ck_b1182471d9ac6b26,0.012398084107179694
ck_821446adc95e6da5,0.009898624857349131
ck_ff182f033134dbb8,0.059612937408330555
ck_9c5feef7647b0588,0.014868323431447459
ck_df935d8bdd44883e,0.006734975621837862
ck_01eb24c18ad11fca,0.1079996323685506
ck_00d6730134a1eb51,0.10476410755825828
ck_79ba8e85678d0224,0.02293268462906178
ck_97e3b04a1350f6e4,0.02457675427751627
ck_74e9747954a46eaa,0.09015957239668583
ck_397d5fcc9972f909,0.028987149861759456
ck_9ede89e8a43c3f53,0.039701999602696894
ck_303b33910d67f306,0.04196978462200719
ck_3c17841636f6f7dc,0.01026911079233256
ck_78730527f8ba1438,0.4385964193243031
ck_5ee32bc6bb5d1d4c,0.07447694845476968
ck_a13fee8cd925d0dc,0.007250746490149118
ck_6f847263379f2e43,0.038161181986766914
ck_9b9d9e579e7b55b2,0.015488796957865961
ck_87c1d0a79e79c84b,0.006354264644722182
ck_bfc453eabb472f91,0.02896687407796773
ck_978c21bb5fe3171e,0.057307239623253715
ck_dd882323474431d4,0.07771583190050463
ck_533c4f7400d5ab22,0.17521148197123337
ck_5f217bfe28954e75,0.7784244018536055
ck_ae96d35465b3b4bd,0.0022768223222040937
ck_512ebe97c0af94dd,0.07187566635226224
ck_f558fe02bb0219b8,0.01541089391298077
ck_84092e23d5ef4d51,0.05310849229807663
ck_17d3022ca12eacd7,0.01648970805157237
ck_8a8f81bf3558fd9c,0.07529413843757611
ck_0ada6fed1864e7c4,0.048902508901837026
ck_21fe7bc59dcd78fb,0.02621430781480866
ck_e136e20c1c74fe38,0.0012837547831585556
ck_e7a530e09d113dd7,0.026364104623189916
ck_7cb0c9ded4d63027,0.11529913807286611
ck_102db9615e722c9e,0.02152537225515076
ck_129e39ddfde92eeb,0.008567476258163039
ck_d730ff21bfd7769d,0.006380182928133372
ck_54459b45d2be8459,0.0012960869000946107
ck_7f1c20319eb60aa6,0.997674722646948
ck_939fede90473e412,0.004590059046504224
ck_e0f9506a6d5f4a1a,0.023648757006007357
ck_9a4967cdf49265cd,0.20473359324374327
ck_b9eaf03453ac7d5f,0.010421048155233804
ck_522477be6376b450,0.09314109941349326
ck_9b6282e3bad50710,0.02387691692837312
ck_a0e3a2facd508e49,0.029754049698315174
ck_97ffae702f7c3d08,0.019656605585082497
ck_344a95cb7115ec67,0.02259315536979581
ck_1f2760764afa45e8,0.02665469404770919
ck_720cd658d11ea428,0.013159118392274894
ck_04e32ee9834c088d,0.06504768574278753
ck_2bb1389e5e72c8f4,0.05021127928502516
ck_961e7dbc217cfbbc,0.063184936397111
ck_f3bce4eccfa6d6bb,0.005182140302108553
ck_e0ccfa0d689339be,0.0021472033197738193
ck_98217aeafa0bfefd,0.018130349414311818
ck_a02aeec1914c158a,0.017434141696952808
ck_20a17e8f206a14c8,0.01541774007805971
ck_114c32aad4b6183f,0.04122956406752901
ck_79f5198f0decef20,0.020666458586539038
ck_2209de229b4c71c5,0.018788601635110678
ck_6ee939b7f396975f,0.004087777821170575
ck_202f0c14b07ace01,0.05393917116393257
ck_fa24db9d416ab904,0.004619024743755858
ck_cf6aa24b92c4d33c,0.5566519406923548
ck_45f57fb8194cefc8,0.11382463849056622
ck_d5eb179dc45394c6,0.01391775731716699
ck_efb24be983342f75,0.018254903763395045
ck_245f5d62ead5ef28,0.011735950686755772
ck_15fe2a47fa7e92ea,0.025920163880093876
ck_b6527a85fd682554,0.0053898630520669896
ck_11f9390a11ce9ff5,0.04585647621692997
ck_ffb4d892c5158201,0.018971701791318064
ck_d4c1da5a1427fd6a,0.06566995322993778
ck_2c041b1efb1c5063,0.008571106219308398
ck_ecc18f40b33be769,0.10511259030829731
ck_0525349f3945375b,0.036917375759057215
ck_0bfe62e0c7eab9c9,0.00935295257861805
ck_b7c37d410b1646c2,0.01087851444082943
ck_4b15b0746318cf42,0.16221595993430427
ck_e5ee006ecd8ff661,0.0567757333740733
ck_ccc83cf66365357b,0.02025992528613526
ck_34a33ffe8339f66d,0.8241079457235114
ck_4e39e3b165edab58,0.6082904498868512
ck_1a71f8081ae00190,0.9916471534443482
ck_ed8f1200fc049c40,0.8581251040086058
ck_8a5a57858e8c77f3,0.021239103223179772
ck_fff9fdc2adf5100b,0.2053849423762044
ck_c76f1bf40f3b787b,0.008332241655913232
ck_1a6ddfeef82b1b1a,0.0037431203458052013
ck_478d2667aa9896d9,0.014271483428843199
ck_641c8e7694b21f3b,0.20884600566172276
ck_293581d879f6663b,0.49347943389452426
ck_1bfa8abdb22be8f0,0.23061319792453125
ck_05ab5b03d0bf9ce4,0.23177929112342663
ck_35694db37f0cde7a,0.0028718456837920603
ck_fe33eb743d714c03,0.01293405397360136
ck_abd10fbcbaf2b038,0.04173321028870194
ck_46d51648c1bf80e5,0.07092422758226682
ck_5c8390017fabfaef,0.032574246618557096
ck_87d55ca333f22072,0.005379975821960574
ck_c39c6a1453e2b92c,0.004484707461361389
ck_69ff1b0aa143a168,0.019496791990689037
ck_e57c79eaab35ded7,0.06614252443130023
ck_463ae759e2b6ad1d,0.014606588252346593
ck_0dae4a7eb587f3ba,0.005718553465173532
ck_9b12fb56529ebc4e,0.009111097328462799
ck_1af547077ba2dd03,0.11252363510991546
ck_de13de941bebc7cf,0.005188360325554922
ck_83dde7da2bf647ac,0.012883143896562189
ck_c80a94d4660041fe,0.020293285544280105
ck_f39cfeb277ef6528,0.006603513040469302
ck_1cec1ed1512a2d3d,0.017790274398318012
ck_7955a359b6448799,0.0031565583597644043
ck_8c0955dad13c3ca1,0.01408586461093061
ck_6d4cd2de601a2308,0.020163720205960696
ck_f4536ba8dd2d551d,0.010181885469384854
ck_b379c198d6db2d62,0.009811172269086151
ck_76ea90ebc74bcdc7,0.013109476669973726
ck_734f06bd4aa92781,0.03749502923154766
ck_677e1d0c14cbf569,0.017264184477287028
ck_259271c70f3fbcbe,0.021551890532138882
ck_c0b744eb9e7d4eb7,0.008468282866951692
ck_3d41faeb96802f68,0.002967175347160955
ck_8f604fa70fc3c8e3,0.02051965927208099
ck_0b3c3bea0e0ed339,0.005413331987927441
ck_be5df076b8a86409,0.006059322901177888
ck_6a475fe324d7d790,0.004787107796060883
ck_3ba3fa5387bacee8,0.0028154756661546163
ck_324b9939d9c1c31e,0.007177586768775348
ck_a7fcf7b592f68ca1,0.019796381724361718
ck_5b2728f7cca414ae,0.006686357526590937
ck_5f4a25ffd0b85a47,0.016635413306734348
ck_63d4f5076fe4406e,0.0038810576265406703
ck_af528d66c86f0cb8,0.015389622659424123
ck_ac7cdb9b8da7b5dd,0.03388514195178029
ck_3bece63711407e25,0.02987089788817414
ck_d4e0b2a12fcfc35e,0.022957701803573347
ck_ee3e7c9d3a9c74b4,0.10089977823427607
ck_50d7c4dab837bf66,0.0065141707801131135
ck_ebcb93a2990fc914,0.029825765545197842
ck_2329cc9702cdf7a0,0.044877440311419964
ck_db1fa53d588bf99e,0.014053085968328698
ck_44e57a0bad5a0745,0.01810851000231085
ck_472c81a144f4631b,0.009656829618196704
ck_1658429acd5306ba,0.013384789096931731
ck_466103ec5bd9444b,0.0024455449114461187
ck_9757163e25262b74,0.012749062326087628
ck_34ed59bc2c9b0186,0.012390035605722787
ck_b7bd3a7f263f4f29,0.03836469816129769
ck_149662b09d632e41,0.015810492818662487
ck_a9ffd6b3957bd41e,0.019802213830854325
ck_ab80466ef615e85c,0.012676163660024763
ck_f2c824d3473db24c,0.0011629632572825665
ck_a4a01fd45936b078,0.04118807244114535
ck_8f6ce158c2902877,0.02150147395357133
ck_5189a302cfa7cefd,0.0015689920957499528
ck_430a3d03be588201,0.02371661241633231
ck_b5f9dd00914b4db4,0.0586903672710963
ck_52dec82e9cf6135a,0.06316903035366205
ck_95e444a01e2ab4a5,0.008941548339318317
ck_e37cee7b123692af,0.01747055016756973
ck_d68d42858a55adff,0.06041094409753952
ck_3abfc010091d679d,0.01765100988762413
ck_cee4e4e1b62bf82f,0.0373736232635992
ck_9ccb17c35e636c5e,0.05339194227919678
ck_f72a5a3b0d6c1177,0.011855448475687456
ck_7508aa554fae6afb,0.1079443942163707
ck_003aa842b7ca1d77,0.5866330538099827
ck_83b2b192f41ee2bc,0.0806851793616699
ck_64796b6b2c3c7f06,0.014554393004873104
ck_6438ae81d43cb196,0.021822196458870204
ck_2bd73d9098504760,0.10665632946701989
ck_aa8b9b36a099e4c8,0.052462973277251176
ck_e5ece47d0dd10526,0.024458405598916537
ck_16077ac345472e6a,0.009921109616639043
ck_a4d6e152b0076964,0.011034153985456914
ck_d90b1d03ae151f62,0.0341925591745996
ck_18b36d342b530af4,0.01869916535091966
ck_2a01e610348b84f8,0.058587605079631816
ck_0a93ed76bf36c8b6,0.009572143741711949
ck_3d56b477fe2370b6,0.012193684838855584
ck_17ab3068fa303682,0.017909160616115593
ck_592a3520d841d11b,0.02444119506165325
ck_84d07028b5fca2f6,0.015114008075888585
ck_f4a2bb10afa85743,0.005802016730927746
ck_4fe4b072f03f2c1e,0.0029526457472007616
ck_9ad08fcc183ea1e7,0.003888342266216249
ck_130d3848b9dcdb05,0.006385477234018817
ck_bb399ed6bf28c230,0.03122106445753326
ck_a31a64a39a2c4941,0.0046109196681329455
ck_c49f25dfb39909cf,0.03967633245895957
ck_55f50a9ae2db8ff7,0.010515091031897957
ck_09faa4e771cf876b,0.06428035506321092
ck_df520a7a6e405889,0.0018120402260398405
ck_8c8c98cc694ac900,0.011176403762164912
ck_7f0c4f609673ef62,0.012374866686317685
ck_f51fe59cd445d2cb,0.005523531766379927
ck_b3fb83f0d772a831,0.0035548963481084935
ck_d6e7e257751c299b,0.014776117583429336
ck_0d362ddb4a1cb6d4,0.08054578752620692
ck_a574a08edaf81781,0.0045492854475964566
ck_a823f5bcb0e4b9df,0.005390514860242333
ck_f792586ad0381eac,0.02728262120715561
ck_54bfd70022c66983,0.011212898182704392
ck_fe0a9372c9372de9,0.054965195146028115
ck_5691cd6fdb6d8147,0.013154132434645208
ck_a95f212a02433d23,0.00472889834285084
ck_f5adad75e1c06731,0.029305791136262953
ck_e09c97520eb0533c,0.03559177129290485
ck_a1e13c0d58560340,0.0026266487040316326
ck_cacc2ca410cbe80b,0.010867537640740393
ck_c0dde2a6ef1e08c5,0.00895232615931448
ck_a04403073c90ce38,0.002466745148713588
ck_03d3026107175dae,0.020083159902242718
ck_50176dae5b1b716d,0.00303535263904079
ck_6c084bfcb38e96c3,0.04173712756441037
ck_36d2be9012f7909e,0.030466293075643497
ck_958acf84c6137a22,0.012006497194143689
ck_114722e12db90a73,0.017999021497852957
ck_203c2a22c0c165ac,0.027592369484733426
ck_2c44ca550e5cfa82,0.007388691529520043
ck_df0a8f20ab8f14f4,0.005441310362783818
ck_826a27ff7555192e,0.0034960930853416045
ck_09a988ebcf062297,0.07379025852109565
ck_5c82444b3b9160ae,0.03949613774483026
ck_f6a4a7ed27fe76fc,0.02678282787119224
ck_17de46314b5c6a92,0.006875849556520276
ck_335e63101b1e6c4c,0.09847869959090955
ck_c5eefc0697451de9,0.061604625874305353
ck_49a0efb5d4067b6f,0.4695989649383964
ck_c1f4509c8f5dac5c,0.056412108305370946
ck_57658eda1c59bc52,0.0008403209637264958
ck_0d5c0736ec76385a,0.006838522111082706
ck_e0239e6ae30795a7,0.007034553547690055
ck_e4459115cd8e5e4f,0.020027376494930353
ck_bb4aec09d4968dda,0.1003388325147357
ck_a1b4c96faed3e0db,0.01590792020060648
ck_8247b79ac67aae7d,0.025882237644776623
ck_fe2fc7d6e5d83f09,0.004601848984618084
ck_f6aea576cde8d592,0.00048724489529918387
ck_b7e7f7d0cd886412,0.042829361792264375
ck_ca7b993e8286af7f,0.020064194535816687
ck_47de038381a9cd65,0.04944700505470507
ck_d38f941d09eec820,0.03319995305385846
ck_d9ba2a6c0d926b4d,0.02277137383166409
ck_cda72f597330d0f3,0.01054003955976556
ck_16d2d27fadeeacf7,0.00285659145304157
ck_be05447853d423a9,0.0015551275913777704
ck_cd92852d7376a4a8,0.011047541209177596
ck_2faf7ecccc9fec58,0.0019077612174058362
ck_db8733fd92f20cd7,0.02404247758008656
ck_a9989a3a94c26634,0.021299808883065503
ck_957fb25437c75e41,0.09700219532379195
ck_e6a6caf6e7de17c2,0.12089702652681035
ck_f7bc569b37e8bdda,0.011630876411471215
ck_703b375dd86a6124,0.014425539418365016
ck_d3cfb3603f2c6ca3,0.053669858711551964
ck_07cb2b6f2a4303e1,0.03798972562803873
ck_31631e2028d4f855,0.010880455939046883
ck_1631bab0ba1256db,0.021161365763590245
ck_5fdafeaec036f016,0.012223638175764192
ck_6eda4c36aecad602,0.06955871066237952
ck_bd1bf9e3e29de281,0.11250659512441277
ck_bf378ea558a4125f,0.6602211642705564
ck_7aa2deeda0e57412,0.9906718252553407
ck_d229cf7f5a3f38ca,0.006142006945025288
ck_9e109edd124492a5,0.02794279041874819
ck_779491819995625d,0.02301937644051685
ck_b89c6fa2ad0a12f5,0.02937110131610205
ck_1d01b4a609918c4e,0.6127314269465759
ck_714c5d7cb17bc9f2,0.008212927772637196
ck_269f1746f2609ed4,0.004609920250068946
ck_4be03a2aa62b93c7,0.0069767140512980155
ck_cf920313f6dd28fa,0.010506833101788005
ck_fb00aae4e17740c5,0.005750043264694888
ck_085d8c42739e2b10,0.959184941351544
ck_c72a7d0d03cf3e17,0.12000116431801364
ck_8f6ca5d3b17eac6e,0.013772294983233404
ck_d9573100bbff4014,0.1535092902146193
ck_79d6793d1d0cf43c,0.005490543446051295
ck_91fa5032f7aff0f1,0.1673155156901455
ck_87110d84872c0fed,0.024365620739161133
ck_8220da627e9992a5,0.003833830903473701
ck_2ae44938847f3852,0.003404253717645877
ck_b0f191e44f9b6f35,0.018641890959925266
ck_3049d744b527f4d0,0.015346703049804867
ck_47d3e8d1dd3fbcef,0.008843109608568473
ck_ddf787359d2b5deb,0.011767010787918126
ck_b27a9e39726b26d9,0.04565308272151803
ck_80c4e9274cf976b6,0.9356542923760429
ck_c6afa913168ce8fa,0.04134189767260901
ck_52427b3f8478db19,0.013170145131083676
ck_3b810f15ca0eaa55,0.007410354155756442
ck_0c9e420f97baaa06,0.8668000109900345
ck_f8540cf3a8b2f8c9,0.06677868990565955
ck_1402d24dd623df72,0.005894717474395423
ck_eb4f4267e24d042c,0.018749329806964313
ck_6f661b428d6fb8e4,0.006334712115911651
ck_519a26ecf3d29c90,0.0285775461165994
ck_e886ba71d4a6fd73,0.017017143990989775
ck_437f9ecd2016a1a8,0.01228534217821602
ck_f01af1b0c977cc06,0.011901894570044994
ck_614f777c2eb5d537,0.037701658156055584
ck_b804e784cde9af8b,0.0037081883798918396
ck_c2dccbc1b24b137b,0.10392196463551058
ck_1df4a1781a0f6999,0.02060474659311688
ck_bd2cdd53fca26171,0.006247582792046979
ck_424c254249a109f0,0.006325309254890787
ck_cf2ca4f286e289ba,0.02844150397876669
ck_6c33cb15b0d8af54,0.0063330916637404314
ck_311d395fa9b8550a,0.011043345560103677
ck_9f792e7e721ff7f1,0.009674114100049048
ck_4c37586080edb7fd,0.005231411210933653
ck_7c4f42c5397113b0,0.027334485037896646
ck_fc418f53ce4aa579,0.96387494147554
ck_1ba28fb7ef726ce2,0.01058301519303768
ck_d932f98bf6b83956,0.06135957585353948
ck_248b3659a9239240,0.01766121626245153
ck_6a92cf5f4cf5de38,0.022317805816504183
ck_65519d0fb137e0c5,0.027967611747888473
ck_ddc3fc99eaba2064,0.02276528710700153
ck_7310cda3bc65a73f,0.001491706089803228
ck_c01c85bd631d4054,0.0023878681969453277
ck_b4954d16b9749829,0.01691897289083131
ck_f301f6758e170d66,0.041563867515922476
ck_9bf95f8c47e7c7b4,0.006335378239850696
ck_c91b7fccf6aeb4a5,0.022460494904429768
ck_785fa45e86bc5e95,0.04017166821094332
ck_2a65f1cc23f1180e,0.0074980100043610855
ck_a49a2c1f881a3560,0.027249935288442502
ck_def344d68f06d749,0.019438468720972598
ck_abbd1465fc730d78,0.02210869026411528
ck_07a5610ed28162fb,0.027353585458422553
ck_7ecdee2d7127be8b,0.1907760274204706
ck_67858bc00e81490d,0.013487935087175206
ck_b4ad165ace910222,0.009747707702135011
ck_30753ffe481a1b8c,0.7156534398156551
ck_c401a26725b17177,0.0033797995614416603
ck_819988d8a7f26415,0.010692806034140538
ck_3364a1d9261b3638,0.14037210994437882
ck_c484c5bda389bf20,0.004433036884474971
ck_ae416325fef92c9d,0.7012826256401206
ck_5517b9a865960542,0.003522058915662862
ck_a0e96fed380440b2,0.0028447751223936767
ck_e83409471d2b0b44,0.029438812248491483
ck_127273af97d7827d,0.007193833813325627
ck_aaa9861c91bd14dd,0.010795959619520321
ck_a378c58294001a36,0.49047327796677254
ck_abb9d65ff1f95b64,0.015025368921688
ck_a5ecbefa849ae569,0.01106357523534548
ck_aa9953c0ca2bed7b,0.01126253614249988
ck_40bc6de252865f32,0.004131684773698493
ck_9fb11688dcfe1513,0.04468712768404544
ck_ba68841ca2ba073d,0.0339235003118769
ck_1d3e561a7d20be0a,0.9863849624270841
ck_99a92d710a29c1d0,0.014901342280360186
ck_ede2e887697ffac0,0.0077709976336638184
ck_e6de67c0d82a7b83,0.006624921867093146
ck_6b38763bf5ddbcef,0.011373909376061142
ck_8dd44eead7d765a5,0.01694274346175519
ck_30bf5b0056eea9e9,0.2342623292359092
ck_2981d16f8a51a8ed,0.04924355745545649
ck_fc60f42c68c7024f,0.03136861517259683
ck_8e2b2251ee224aa4,0.005153943367861921
ck_1906f0dfaf6e9bad,0.315365160996044
ck_dcbe6814fc4ca0b4,0.04015627979789392
ck_f7e958a286ae3b57,0.09285064858693512
ck_713649668a7ca824,0.007180394855506014
ck_6f73cdbf9305e2ea,0.006542983925354172
ck_dd1c490050cd9051,0.03908512020894255
ck_e30db36e376606f7,0.279716889929912
ck_740d8fe8028b5a2e,0.08859035709515453
ck_ebbc9418cd41f692,0.008438940187115813
ck_7b3cc6cc3f250f39,0.01566538639919791
ck_1d30eef7110809e5,0.18131152154455424
ck_77e0589ab339ca66,0.06864396624371853
ck_15ccbf8ff7d14086,0.01782642511496018
ck_246989b0c288664f,0.010200642567000331
ck_fc2a6e27b10b10e9,0.013391252625304693
ck_8afc1112c12f5402,0.015149629822155493
ck_a76e8d83b9141364,0.062245849063980126
ck_51d3e8dd7465c015,0.0009270730428304343
ck_e7b4016909405981,0.00434035377732177
ck_e7a3cfb9bf908e80,0.011789252960281028
ck_2bb49dc2388cdc1e,0.01051967344238023
ck_94f4266ee7871345,0.0020958528393872806
ck_b2c896beec146477,0.004940527711981746
ck_fcf5d4a4748cdd53,0.048112149615811686
ck_fd0483639811f62e,0.18384528855496043
ck_9a21d183524734aa,0.08903934901635155
ck_1df4b46c0a4c317d,0.0419344727294053
ck_638df9e8a22dfe0b,0.01093143255974725
ck_65acc43a6dc3e65d,0.12573516674396776
ck_7c67b73196e3d0d9,0.11794635610437917
ck_b0ee3a98175b462d,0.013043703803170341
ck_20fad010969f1abf,0.019068728859715157
ck_54b087bd873af8b8,0.003728902377715037
ck_8007824431fa803b,0.027564383305784645
ck_23aab322810b9fec,0.006230689544630921
ck_c8001bdb9aafc8a6,0.006915958343242007
ck_3a34c3ac83cf84b3,0.048691560069719184
ck_60187ac2c473a662,0.9761066134260059
ck_6a0ccd7357979f0f,0.08282028676311537
ck_27f20337bef5ffe0,0.022506373985089305
ck_f9fc468915afe49c,0.04708805294057111
ck_1eabc15a94bd9009,0.011398157108099341
ck_26896c494b2768ef,0.02764866881741773
ck_348c874eaf0354f4,0.011588529164518462
ck_be9c46acd216b45d,0.035065997644156105
ck_a3cce46d15cc20a2,0.03472349465370768
ck_70804f60d9704128,0.0458597791922809
ck_a019151ca8e7527a,0.028890878361870802
ck_571133b2aa8ead51,0.020236060585616392
ck_0afa4449f20d5196,0.09485236814094229
ck_4d503c41cf4e5034,0.029948874991304646
ck_d6fb9cc5171e3e9b,0.21732626497781438
ck_05ed92a7c3e10e5d,0.027769607852070957
ck_bfb067986660afe3,0.023649074812530747
ck_c1a31690c8573226,0.016322851546407807
ck_cb88ef3dc1f42225,0.013204466566248185
ck_21e3b3bd998745e5,0.02093578940515929
ck_cf52e46fa54e4540,0.006735035403780975
ck_b72c7ac4208052ab,0.011216038257464518
ck_e6465c56b337e6c2,0.0083032203361176
ck_5f87eb05d18186c0,0.014575890581086508
ck_263f6c5ff26b5e98,0.04514310233447237
ck_e0b7e2c0bbe228d9,0.034268537169064646
ck_b657ae3c146cb7bd,0.016233345867782665
ck_abac514d8167ea58,0.15885236962105959
ck_024dcab126876002,0.03396679892483707
ck_5d8481e2b38bd99d,0.01689649514105375
ck_edf229c17d25dac1,0.08175314843052207
ck_6cb7c97b72d6b5d3,0.005416238715509045
ck_c96ae2c28086a059,0.007534224076885361
ck_2f241b97c0f8389e,0.030712331911227887
ck_9158bdbb63ee8987,0.014579360271382976
ck_e7b40b60786c1530,0.007209605789613481
ck_66d38518f68e6194,0.014812230524487456
ck_8c9b57ad2a991416,0.03458113834637448
ck_cc91bd7152d3e9ba,0.0068446137867223785
ck_0d846660c7957a88,0.07933724580884403
ck_60896cdac2212bea,0.07195515481802395
ck_dc4db8b932df49de,0.04111419467673603
ck_2dc31db181150e20,0.0017056282293314666
ck_2f138fce1171e277,0.0206876955672695
ck_68b8b859a6ef505b,0.022965852172418807
ck_c3fe0c6c5e1f40f6,0.050716873532356314
ck_15886fe84866de92,0.010778379903719751
ck_ea269b35406473e8,0.023158411507546744
ck_3ce7cad1f69b71d6,0.008643608477887702
ck_054ed4288ee58d6e,0.07893274545935315
ck_3d4913a86f207fee,0.020847635374231278
ck_23ff85f9d2355e8d,0.013564262678285508
ck_d87ab3261322216a,0.008942057500188332
ck_fac046ce336fe39d,0.027089862398289796
ck_beb97e498e6cf8e8,0.08800127249760412
ck_1f517e0ebf397b51,0.04554716867570027
ck_0af57ebaa45877a1,0.001134793996332147
ck_f99bc1732ce5e999,0.012510559863227192
ck_abb056a9deab275a,0.024630859671945143
ck_0bfc394c5faa65cb,0.036634309219688736
ck_ddc865af1dd5670e,0.015530242627141793
ck_68b5542459638b56,0.02436736573909547
ck_0b1d84252c0b46c2,0.002384302129824016
ck_520ec32c4f253604,0.03448463624934242
ck_79ffcfee599d77c7,0.009286207818005265
ck_eb224c0fd146253f,0.05786425668246909
ck_0e477084434da450,0.029259465387018287
ck_07840bba5570785b,0.090206446877642
ck_6b67fe8e310ab865,0.010881315368886903
ck_e2a1068c2fa22525,0.03257355385496009
ck_b9c6b32f6bd92a3c,0.10102159475179795
ck_c1e7d1021ae58f00,0.0041716407465871965
ck_5d7801201749ffde,0.013744095847346162
ck_c8806749e263f70b,0.0025253248562438885
ck_c9eeab826781dc91,0.016675197459430836
ck_309a432c160a17b3,0.011941356531558504
ck_b22e3337b8e3dbb2,0.0024808951333721413
ck_79c30169c71b8033,0.4978486523532019
ck_5a6593d954085775,0.012651874344856867
ck_70b9b79ea1aacba8,0.011966395436000565
ck_63743141ffa11f45,0.009853729964728754
ck_dfd3dbd0d97a642b,0.01167085049896923
ck_635646a661f05b4a,0.021556489194282498
ck_4b123d6931b6d0d7,0.8384570444148975
ck_f2b0e7a47f442557,0.1125522230801503
ck_1b1df006b81d38ba,0.016306456347720995
ck_360237c1bd30f4bd,0.00910280134734742
ck_5e84bca0e362da20,0.024730860038901285
ck_142dba210ed2f3b5,0.010126035370520124
ck_a3564236069e3524,0.09985645894653536
ck_cf36d8b070ded782,0.008619837218613013
ck_ddd6625c5eddad70,0.002394241054791589
ck_ad54292a0b2f44ef,0.008283652219051784
ck_45cd5ef6b359e9b4,0.0029643905058079566
ck_982c2392238b7be3,0.28694674712702517
ck_083e4ac78685c3bb,0.011570644828821135
ck_729cc0b46cc2e546,0.15510227136519286
ck_f2b8995fe5402759,0.0016908731035865667
ck_73e24f5a8da289b3,0.03386505536177459
ck_bd85f30c36f5998d,0.04134856733328773
ck_ee4ff3aeadf912c1,0.02258801012196901
ck_63d2978706e193d2,0.007217903967451359
ck_6a0684436a1e66c3,0.07204388573478765
ck_182dc4a2f5a366da,0.011674152855432033
ck_e6fecb82fc2a82de,0.0023756991122254587
ck_cfb06f07394dfe64,0.006874884559802786
ck_7bbe1dc8add17ef0,0.021447040518940478
ck_5cacad76e02c8e3d,0.5770106527494229
ck_ca68dec0c7df5a12,0.058723310174182086
ck_e4c0fc52c82065d3,0.004118777976806499
ck_f9197b070416f443,0.0026405603000876146
ck_2a07c7021b71cf65,0.05487787637877276
ck_4fa85cebf707de2c,0.004153952399646567
ck_0063d2a9507467e5,0.0029737957135295657
ck_ec986285fff05b7d,0.009751500217607146
ck_279d43303708109b,0.01772670402491804
ck_a406bf11e48cf8c5,0.04219406543416259
ck_064b2aa3f0bfdb6e,0.017140508912071077
ck_95790440bc4bd2d0,0.017651191113677127
ck_70066eea13b4c34f,0.005527924207750352
ck_19468fe07e26f992,0.7868602390148663
ck_86bfe328e0a533b9,0.7553100674168133
ck_ace3b96c977a7560,0.061272096731812484
ck_642344e5c652d8df,0.015483946126532954
ck_074be35c951ae10a,0.022324446990197817
ck_f14dce41036486a3,0.9894566785060374
ck_5cf67a3a747e684d,0.06481732098261674
ck_f7285b92648c1c81,0.013995086721592494
ck_bef3193f124fca5c,0.18876692178886448
ck_05c4dcbb45de1f8d,0.038847208985529645
ck_d7c28eaa05bb7144,0.0037639666721739663
ck_320df984791a1b99,0.007713893831511735
ck_f45bad1606fa00a7,0.002667553881431568
ck_6f81c199e986d9fc,0.004257136063255545
ck_d0c9633fed57c344,0.2222785990331018
ck_a3c25d6cc7478068,0.008982085845206223
ck_4185506d12cf9fa0,0.01942324181552465
ck_7a02ee1bfba7353b,0.009159031025240023
ck_1b52590757c0fbeb,0.008471856530454907
ck_a0e5656e1cf9cbf5,0.0012342467739867974
ck_ace21f6daef94f6e,0.004327329402722797
ck_646d8d0834782d6a,0.22509834082844912
ck_1f136a4476b5e775,0.020849795888861187
ck_325c7643cce02da3,0.01302849074569681
ck_9b5e7fe28208f5d1,0.005144357363036165
ck_05d81b1a150f31c5,0.008916809167851722
ck_0e9ec486bff403c5,0.005107558478590381
ck_ee13c091bc379188,0.013690750305525787
ck_f7a7f8f5903617c5,0.023406617253984657
ck_96c3a3517153390e,0.016348027449244122
ck_538dad7f096458ad,0.0021206386531144408
ck_8758fc6622bbb7df,0.01897334266177714
ck_f7e53af3c91fec64,0.03071345557632739
ck_80b50fad7f255e1d,0.02655231785939692
ck_9645e7adc08631b5,0.07911534701001763
ck_e007aedbf37d6ec7,0.008749446752129844
ck_2951d76c41de2569,0.05107347516444101
ck_9439bff87e616d4a,0.16679394942167025
ck_a73045e96af0e4fe,0.013542608459684996
ck_7b382e533e2e925a,0.046699952448097486
ck_730226c2d216cacc,0.05582478181310927
ck_bdf837d761a7cec2,0.06245115036610459
ck_0b34197335ba3341,0.012506603170938622
ck_49170c4b31a20f5c,0.008390112056135735
ck_cd553ba6589d8bfd,0.00817878694015241
ck_56b992c6f136fa5e,0.03476295420696205
ck_8beae3d7328fa41a,0.022658977832496527
ck_1a065ea906ae3d6a,0.022185810984253315
ck_e9e3381d5e0e5051,0.004156798011631388
ck_a6d4f998dadc90c2,0.2543085481924792
ck_d36733da917115a6,0.03249894128559405
ck_e738e920bbd74a7d,0.006900813145191423
ck_af65eb885a51048d,0.009453704935291287
ck_73f4eb09af29b1c0,0.005293704719592541
ck_8fc641b1750a2542,0.056766683647566554
ck_41b954c7a948c060,0.023666493653363513
ck_25fc3010e8a0f6d7,0.065841464449342
ck_a2624e0387974e0e,0.0782935108108511
ck_5cb9d7b2329d5ab6,0.026572955830257657
ck_6c83aa1d100a7cd8,0.05709227948377885
ck_67025c64588abd1e,0.016666102707362622
ck_f5dde68f6f0468e1,0.005329446077700006
ck_46bfb2cfc29a6d2e,0.03647353376798221
ck_49dddb894d33f6db,0.046144574291481166
ck_f738b633b8862d18,0.009028783952451566
ck_3d6c3c00d854f5a4,0.06082409751678242
ck_cdb8061d8d1a6c5f,0.011132454481921315
ck_5e1b81848718bdc3,0.01809085241710089
ck_8def763034187436,0.058377874008315116
ck_8f8e4fb9c6190272,0.012661714283429378
ck_368b968b5f33431e,0.006176793305987645
ck_ba7e347251ea399b,0.022547812406978465
ck_9075432001a64e75,0.010676920976186024
ck_73c5371635aca173,0.30303525301963874
ck_81793387b38047cc,0.018631250012913162
ck_0cf220816e320ac5,0.003085666459424196
ck_820219bb9c761b52,0.012686958028613844
ck_70a932ab39d86a24,0.001837568340059279
ck_2c4be237a7ed79c7,0.018993862400088993
ck_acc764b49ef02826,0.21174420537681846
ck_74c3c3452e4e7cce,0.009660135695209628
ck_34dfb57e5bf31d2f,0.03502100210551106
ck_6ec39903f765956d,0.02880092634914246
ck_5986119e7d81e831,0.01826617891044137
ck_2ddfc948b8eac752,0.29252657760082434
ck_921ff5ceaf40a968,0.02205480941043393
ck_fb3b68b4424b5f92,0.013184364997621868
ck_c3db1b3ad4f16679,0.005782062035397313
ck_124a197be41687f5,0.015589062274188086
ck_c58d9151834f5bad,0.028690145975341103
ck_389607982eb6b701,0.5241954963786838
ck_fb0c138c003e933a,0.008070548940481813
ck_50d0bb7edd8c69c0,0.05675163484329354
ck_c6cb651149dc9a8a,0.03274840622018224
ck_81e21354e477eceb,0.04123229613356914
ck_7696e38b3e4197b0,0.014973824784603065
ck_586001d3ed9e7fbc,0.018290469951385873
ck_bba413492dc46f2a,0.020007438054544635
ck_95b894380ad2702a,0.0116715237526864
ck_277621473369614f,0.9948373753037603
ck_a50621b5eeca84b4,0.007625064587714876
ck_bfa7ba218b988cde,0.0948318129644961
ck_5ea89567dfe78e4b,0.008239228276864208
ck_6c679602a6476ab2,0.03577955604043042
ck_d3885e286b3b11d2,0.03727987090330502
ck_cdcf6671b37c9c92,0.014601182292249559
ck_b5c93e6d34f8d366,0.009354348411400497
ck_c24f61925dc158d5,0.05663484320290731
ck_cd09375e6c81d2c4,0.033546262306105544
ck_a95afc7a00303a26,0.04290486323698842
ck_8e89ca8b39f3f8ad,0.02192328559277138
ck_9a84b396aada3fa8,0.14080598847010833
ck_5124a2e415384945,0.07394420045406873
ck_d66bb1f063357f99,0.02934498827683062
ck_0fd9312411b0ac55,0.03478132562085057
ck_ad8cbe6e27e47ede,0.014369980680184797
ck_8398adeaf41f9cae,0.024604338196346793
ck_dcf851e7bb5855d0,0.0010669562337237166
ck_9affb0f26776b642,0.01765653381289552
ck_f0424b3b36bdbef0,0.04835420646748649
ck_66746d1090d6d9e9,0.02399323664346888
ck_e5f8c8a5824db594,0.004802229285854774
ck_3e91dcc209431984,0.0029359425420284824
ck_126a82e8d42e5ce6,0.030360856754532872
ck_38e4a74ab256e2eb,0.007707622451815699
ck_1225a97fc413a419,0.0430766265295097
ck_9b5ec0f78e160e65,0.023907776923528933
ck_7c5529bcc079600b,0.02326852754923267
ck_29640fc2fe81c251,0.03400254034285184
ck_160e9ba0a3f7c1fd,0.021676900797672052
ck_bff090cb4ab76b9f,0.10707879308858376
ck_aa06ed358e43db69,0.0433520910314599
ck_7264486eb512d84a,0.06536173005770445
ck_f5a32e6160b28379,0.03188340485030137
ck_4ba8bec14c2217e1,0.017033688229006177
ck_610815786d729d2f,0.18953526743778024
ck_e267999226b6321b,0.0030779107409886933
ck_f3996a3c8eea1ea0,0.005040376597125893
ck_e9b75ed7567a3f23,0.04740768064533618
ck_d21612d48bb4f7b8,0.013925044308544498
ck_1f871df76c6a995b,0.035390150372474206
ck_953bd5de48ccd70f,0.30050227049945694
ck_02a9104419a6dbaf,0.01834279899892814
ck_1eeeee651e05d535,0.022680152504569586
ck_e2ab04136a442a98,0.020382542162477934
ck_f0d806624ef3d359,0.02247378521746948
ck_4b68b38c1b3326a3,0.021383806819518972
ck_74e60495f8861156,0.012303601107275554
ck_398f3f4cf05c721b,0.01941420151966869
ck_f761b7650a0c1a85,0.2660752425101575
ck_7dadef33f5e2d94f,0.9414760762756182
ck_6ff6883633b8c7ba,0.005785386605600821
ck_4d2159603045109e,0.003393290941667234
ck_a38bd07a5fac5c9a,0.02429604022130231
ck_f517f06551e69507,0.002714053265980534
ck_a7ea00a1760ad561,0.9307185026472915
ck_31fc51d5a3dfe16a,0.038872376464793114
ck_bac5233623b25ca4,0.00632500757928191
ck_385188ab27784fe3,0.08525936211744549
ck_9947a323bab5cacd,0.06605967572040952
ck_7973edc9f22ee7b6,0.040981315453238146
ck_f97c477986043755,0.053408538216636874
ck_1a3fd2cc4b4de196,0.002058930698111136
ck_e18ac29ea62cb435,0.04763986874380789
ck_9720a472a3e0140c,0.007167754304959241
ck_668c7fc7d7e47c0e,0.05287491534771465
ck_214af0806470ef48,0.017828449026836217
ck_a46c1773f01f0be7,0.10047436472567009
ck_f2bdcfb4203ffdee,0.05679238729655109
ck_40e84e6ffe788a4c,0.04559416382894439
ck_dfc6f5712d8d6678,0.07670751210310574
ck_01ef1036b2e66a4b,0.01718354038161935
ck_3acfec10eec32f9c,0.01793779780714716
ck_084a85145c15ed77,0.02043812789375122
ck_fcdb4fe2f095fba1,0.1075575480248317
ck_023908db0a193076,0.0823921120690107
ck_fec0ff92fd622253,0.018816873916296467
ck_c009c97d5fafbced,0.08487859597695252
ck_eb9f0c06ee017ee5,0.010889257208901982
ck_d7792b429620fc24,0.0038058637070855082
ck_5e9e149a3b69c726,0.018766440015945945
ck_ce927322ef8f651c,0.006508645462244465
ck_b8fd61a8e82bce32,0.9786473508810889
ck_9aafc33fba1474cb,0.002214147079242791
ck_ce81ff9b8b35562f,0.10426983173543837
ck_25bfca1d8eaa152d,0.0029854071794454553
ck_170c65860e2a7e23,0.034300292829154845
ck_952da7ca9f33decb,0.14377595166371676
ck_1ebd574406235957,0.010221616157199334
ck_589109a188adc2c1,0.011980945265834575
ck_f0cbd5383bb07778,0.05644533966660723
ck_242521e261148fba,0.008333560693090958
ck_509cece86a558de4,0.07144907241196874
ck_0dd7c5925d28755c,0.02303714762703502
ck_a7e669cf1c3985aa,0.011427828606383274
ck_acb84dc2351eeb76,0.009609584910385074
ck_b837c7dac2a9b931,0.03929791427504611
ck_18eb1f9181f95df4,0.005074741144431542
ck_b0b9047dddb1ec84,0.015493677988670268
ck_43aa136bdb0a2832,0.28803396197504794
ck_3e47f8c56c811700,0.08522847024508913
ck_77c587d24695ea15,0.020224166925411634
ck_20578ac693ea4e93,0.015599827827416651
ck_b9f6040eebd1605f,0.11920584330362116
ck_ca9d86f65cfdf018,0.059703535590754
ck_a4fa8833995c716a,0.022192141210146978
ck_f589f1e29301b5fd,0.021765939702105372
ck_961ddb8ff55d868e,0.003984136476049176
ck_5662492a54e6688b,0.33319938512411945
ck_ad48826c1c26eb78,0.411431952210501
ck_621c9ddde6bf2eca,0.03146144761342813
ck_417a3500b2c717b3,0.032974639795752846
ck_c7e129058beb3ac1,0.015212114211901275
ck_ec1c902b9b9b9c5f,0.07640702029261418
ck_317360ec0a67d27e,0.04922991443488366
ck_3e3ea5d8c4a229dc,0.04141476278697768
ck_d11d27de7bf0b973,0.028379503479057395
ck_d37d56e931105db0,0.016438771241478613
ck_4863077723cd6ce1,0.008138067390311171
ck_479a065d5903e9c3,0.005951574753382027
ck_e66ae4fd586fedea,0.015318881552398007
ck_192bbfd0d5720134,0.0049278115751203565
ck_3b436cb29af99f3d,0.030397713962986447
ck_7c7ca54969eed187,0.04931855500219728
ck_826ee896c9f1144d,0.06454688881301597
ck_ba1f6dd43fc8a0b1,0.004213090050270784
ck_49685deb63e4e8f8,0.013564247481500823
ck_687ab5d5554bfa79,0.051905968962761874
ck_41346ccd9242cc8f,0.002132843485418711
ck_8f8e5e2b9dfec3d1,0.05077483615203732
ck_94d5ce61a0c50465,0.013069767646071867
ck_6b954c75aad8c012,0.01682203816916344
ck_748af92828c9d288,0.01027038064178937
ck_dddd14091ce812c2,0.019316541826996686
ck_723323f6870fab59,0.04461788473128623
ck_dbdf8d0708cc6718,0.0028917091426027227
ck_f04938570a154de3,0.006526564643788107
ck_58afa1550b3b5294,0.013298209041421696
ck_3b150afde386ecff,0.012026499184498869
ck_666b95e75d99ec4e,0.9303521582985959
ck_e00332597cf1eb24,0.01741434682540188
ck_9a9e3dac79280d7f,0.40617953828253356
ck_e8d37262e859d9a1,0.0029631151782229764
ck_895bb39d24bc1c4c,0.008009041070629585
ck_b367449195e36499,0.015920077090655294
ck_d23f9a50d1135ce1,0.15857682828812963
ck_670dc4910cf476c2,0.007418387891273857
ck_3ecd8a5ce65e21ca,0.0030303398941745156
ck_8584fea2df4c6317,0.056881466184900094
ck_0789ff4562202b20,0.012083355995919927
ck_749e0e50c3907be8,0.010192076882497498
ck_c3ff6790cc6d7e34,0.04196887936083786
ck_75fb7e56432ee4b2,0.006418356629299801
ck_529fc3170fd11abd,0.09603758961340315
ck_34a69b3b4a681796,0.0947792837575626
ck_255f0e5888ae9e23,0.042388998121879184
ck_65be698386474170,0.0075632427117518775
ck_5eec9ed855c26000,0.009559179733065372
ck_5ab39bdc9610f6f3,0.5248043108235824
ck_1b5b75762f033462,0.028341959270036413
ck_d3e208671cf37f91,0.6053171574489519
ck_5068ee554ceff971,0.01564484095927513
ck_d7d50fb57fcb2d0e,0.0037891416183052093
ck_ba6e1115fceaa067,0.03166444988400442
ck_d07bfb16a4a7dac0,0.8174609565869825
ck_ead68310311690c8,0.23710035469670943
ck_ee53ce862bc9c111,0.04181894103264034
ck_97e56e6037024dff,0.00387739901862573
ck_80b04344c98ec072,0.02864778653019524
ck_5954f45a2ab45f43,0.016520689964540116
ck_18ddf7e836256e3b,0.02506989710235137
ck_89a1a780144d808b,0.008054072416379468
ck_a7331e8b808c39aa,0.07924053053926437
ck_a1fd0ad03ff9b776,0.028047187669075893
ck_c0cf50eef030b401,0.02220853682114679
ck_074f20921189e7d6,0.0038609515612556345
ck_e2aa7be60794593d,0.07130265810055082
ck_72771757dfb7f7a8,0.02315016504291844
ck_a9cd84a6dddfe584,0.015293319924443431
ck_142c00f9f8557504,0.023002406657933377
ck_221b5d40358230f4,0.024143347826076626
ck_a2d7a563f520b7ea,0.0156740577964864
ck_66cd34bc568d95e0,0.047433198207164025
ck_a17128972d3e507d,0.003500508652387186
ck_bda299466bb2136e,0.013778865366889676
ck_2b699066665abe8a,0.00584413763586814
ck_0ac9848bd4ba0c14,0.03054831916360093
ck_98d2f9a6ba3a3077,0.8131558797133779
ck_a872df31b28a5f7f,0.2021568524083487
ck_7e73e1d44ce82ed9,0.007485114064402237
ck_1a415416f620d49d,0.10029568707225245
ck_c95c786d2f8b8edc,0.0025881638326053793
ck_e45012f22b7f91d5,0.045095187814787364
ck_aa0b083e2a6813eb,0.015022146950411982
ck_4666232ddbf77756,0.028349195185674907
ck_e08e9c8ec5f23d8b,0.019604228323059796
ck_31d4c0518e5f52c6,0.06458126365746224
ck_c1ab40638f04cb02,0.011130505849882257
ck_4c1fdd1669c7cf51,0.018837227217222613
ck_11662cc7940ffc82,0.029887037333972202
ck_2e679af24adedac8,0.027434270822108055
ck_454b9e21b7f25a4c,0.017129736708443748
ck_355c4f29089731e8,0.41923501014396225
ck_507e40760a24d2d5,0.03211972539088562
ck_0943e0f305078e34,0.9914144122260179
ck_abc54ed7111e9ed1,0.009143764326803812
ck_a60fe02fc04407a9,0.09938561231297288
ck_244b897bb4d57c1f,0.013291546449261516
ck_8c84fcde93a04334,0.11931196444499693
ck_9eea37d2de633b27,0.14319002826923144
ck_b2cb9e6610eca967,0.005008027738894601
ck_09aadb4c41b166f1,0.08648647624594374
ck_8d94fbb4828ef326,0.04531702660917852
ck_089e3a07abbe3b8f,0.004248751923313009
ck_dfee9de05e3971cf,0.049108572640086334
ck_6abf8302ce052451,0.1015229980826611
ck_6ffa90143838a4a2,0.01175935186033697
ck_325caeab5c7a9c3a,0.014725890532376811
ck_1964ee9db929a173,0.8441650649377908
ck_942b95988a6245a6,0.05921238151864886
ck_913ecdeeb8e21a9c,0.010508038181653433
ck_ecf9794349eb4b3b,0.058660607515598776
ck_b6cb8d6ae828eed1,0.08259627322311126
ck_2f82ea66c4f53b33,0.09953353740560912
ck_6e676daa4855b58f,0.038200060370401585
ck_2a37fef48b44e9c8,0.01142403399037652
ck_3bd12d468fdc2450,0.028452091851468134
ck_1a28b6a40a6bd3b4,0.01085442442436596
ck_61b79dec96d15713,0.01635417258939648
ck_31d5e3daced93d3c,0.019219883557953142
ck_e6c8611c0cf233d7,0.035278377106535266
ck_f04761b4a937ac3b,0.003866734178405641
ck_38c1c75cf055031b,0.03769628793359659
ck_59a561f3df01441a,0.029123883860826323
ck_04e40f556a5062ef,0.003981372253928274
ck_8409716d174635b6,0.028957579212648875
ck_3019afee83342701,0.011206843804047684
ck_b51a58e7f032c9a8,0.018195791584322617
ck_5043e474f848346d,0.019631935994336096
ck_4388abce33ecd01b,0.39886953162115063
ck_c93def7392f0aff5,0.028268043531975665
ck_72e7b1acc19df820,0.05545548987539392
ck_f253130dc3ca5b3c,0.006307141178078503
ck_eb264d1b180d4b4c,0.15069303990609165
ck_c2504f5a113433ee,0.0008619984476150258
ck_c16ab1e4dafb4910,0.23067119321059762
ck_4bc42878fa180991,0.02953544884888818
ck_1c771a7c78f6622c,0.041338215925712574
ck_d523f0e50a2747ad,0.004476611328054281
ck_9060f4e7ab7a1b0c,0.016349845917101577
ck_6b55ec4e87a5e22c,0.06896103028808787
ck_55fc62a5f89a7251,0.014702566594070389
ck_bd2545c62f258231,0.07965582185250095
ck_1ccdc69d0bb712b4,0.025128036374015658
ck_710f867a3bd5898c,0.00961249505493992
ck_f91d48c40337d375,0.0386104348316287
ck_f76d929541ed41dd,0.018301713510442373
ck_e26a6659c237b650,0.007262888270089778
ck_184983177b73dea5,0.006793883656800269
ck_6d0d081bfa8a0022,0.013912792197406808
ck_2f6e64f638da0f97,0.03732771587345633
ck_15b93103ccd38609,0.006709130345814877
ck_094d10439b7b4eac,0.017058427485060142
ck_d2ca47180a926ba2,0.00798750853451536
ck_a69ca7b9d70972bb,0.0029289921344862447
ck_68914e67343a7d32,0.025267661620820683
ck_8176616132458c0f,0.01556229306497492
ck_eee99af3598311b8,0.010102026341237554
ck_94410eedfca91304,0.06184667446887453
ck_cfb11a0a2325bff5,0.003843189792106616
ck_75217ee144b715f8,0.03826993746403928
ck_d56fc799542299b8,0.004123929160470817
ck_4c352dd3e7c81269,0.08985521084309998
ck_e23e50e02cb3904d,0.10306904170731657
ck_b921af37d500e139,0.012259193799140857
ck_82181b935360dcbc,0.9647328284382131
ck_22a7cf3b99c5e5fd,0.023608919586193298
ck_f67ee7910d532216,0.022671400513890244
ck_5f48762a14a0326f,0.01347313755390174
ck_1757fcb0e6e3f88e,0.06136101363880138
ck_2c2f080ba185016e,0.020348726200941688
ck_4c25570eb72711b8,0.014321550029626878
ck_a3be871ca22ac416,0.03606397965123339
ck_ab70961e7c6695b2,0.010499053714841396
ck_a1cdebfc42a52448,0.02053660029851638
ck_f1b80b821a20186d,0.008315619042048234
ck_ae668e4564cd2aa1,0.08087558674517163
ck_0e2bc3a5afa439d8,0.033234979449338245
ck_3dc378f37d0b74b8,0.012672199455857822
ck_9f9555197480d1cd,0.07561390119082595
ck_bf4e7d48770a4a8b,0.08106388838830969
ck_614ef655f0685060,0.015072082579744944
ck_04d2ea38ee27770f,0.027067964933893372
ck_e03a9d8ac94161d5,0.11735758879731167
ck_d4007b5b26d9d854,0.003040227857589049
ck_2dd147ce6d61749f,0.011598579339269248
ck_ff45764ea7d6619f,0.023371149963379134
ck_dbc487cb0a6c18da,0.8218850519292488
ck_791d5392bbd80447,0.0019995128365525865
ck_b4068439c413b150,0.026827681371682763
ck_85df7b7de9700aba,0.016735114610518294
ck_001e42551cd06e40,0.023859475998227
ck_a6c02ae50932cd9d,0.13986271094109964
ck_9fd0be2c018ff5e4,0.14572480982708969
ck_32a495128395fde5,0.02652321766103144
ck_b6f2a2fd232c141b,0.1734495051372632
ck_28dde633692904b0,0.035873409682117365
ck_a1a93c5f375f6021,0.022469012910379393
ck_e3982142336782df,0.02888894236618768
ck_a9812ff3c111ea94,0.0762071536752409
ck_f04062216f95fa00,0.017362447419791052
ck_7c560467daca735f,0.007272970684935537
ck_76ee10d6e2dba70f,0.09047628044780584
ck_3521243bdac61178,0.02252365003306727
ck_28588fb03b320520,0.01135807712282268
ck_580dcec33ec232b8,0.09422026575834412
ck_7109923fd7dab20a,0.07599888165728182
ck_7c872c99481c1e9e,0.015540252577932108
ck_46f4e1f5026f4d1b,0.0020377378785150333
ck_00d1ebc31ec4653c,0.07313024082123755
ck_aac70764dde15168,0.015513886793619982
ck_648c03f9aa4e45f1,0.007090117268001773
ck_5478eb69ef912785,0.13151013362248606
ck_79b8523137bb2603,0.03530148774340928
ck_795c49f312640019,0.001289148062851079
ck_89184bf7b7fe41cd,0.6521683003733945
ck_97d4bd922996fa10,0.059752866392342376
ck_1cef30d08f3a598d,0.020637645066736567
ck_2f9fd36a4a40a6a8,0.009311028700598223
ck_40780fc0f8d6f309,0.02662712724339273
ck_9083ca9fec2a7f4c,0.013994854813518644
ck_62081bc35aa59931,0.02983132734877534
ck_2e1b46c5fc56b863,0.11122570493315243
ck_3d139692c51b604a,0.044139542554706125
ck_b5e54e22e3d6960a,0.0026144442409648384
ck_c0c4be3f44311b04,0.004685514845248886
ck_82a8bdd2692c2a5e,0.0037782807795928284
ck_bdd2da300b530c5a,0.018669027965477068
ck_ee40498cd97183d3,0.008939968461005653
ck_70b9274473bd6dfe,0.002768911605803108
ck_473d6314ea614b29,0.007841040151063171
ck_7443d6dca8cd1352,0.027938358865949208
ck_3b49768b448b071e,0.07869971277030013
ck_b43f04431c267dea,0.016263617636844276
ck_4424a5223ba2fe00,0.0374997648978617
ck_819bf3e8231f4081,0.024441860980867362
ck_91d417507a8c58cb,0.09889081119601116
ck_e88e86b19cada4aa,0.01494229883364181
ck_59684167f9c6bf4c,0.1351047280705821
ck_d5f5b0dc97b9dc27,0.15555210351656756
ck_13d1b192bbff8f32,0.012805459991973026
ck_b21d8630387cabce,0.0017847390622853032
ck_e4ac22046699b99f,0.008911283968752678
ck_74b848064f2ff45d,0.006516984252658273
ck_166aa980cc87fa77,0.1028748738485777
ck_98e337806104dd88,0.008106989224910693
ck_66eb09be007f0755,0.008745302895712036
ck_3ec9b9d8dd7be11c,0.011625772098170761
ck_8b8b9de339d75d0b,0.011404071954929004
ck_6715139e240007d9,0.0020865298566630406
ck_a0255ab46e122d2f,0.03990329931164102
ck_66e81a4190c33510,0.003807028216148103
ck_5d75ea4f5c9080bc,0.0471375917864163
ck_df69858b8a8b3165,0.01031586995368417
ck_e15252ebd7553422,0.008281456627772696
ck_34d6d74bb3ed11e5,0.019528677887739057
ck_c2608f78f6851d10,0.03450739648302899
ck_bb99071e8f58c8a4,0.07295014568017981
ck_06010f0df5b7cef8,0.026568101784151584
ck_8c582eb0f6c0148c,0.010705339108894577
ck_0034d010d28aea78,0.006097685301001266
ck_01c1f06692566ca1,0.0166004088707051
ck_4807726e797fb893,0.018646954341002334
ck_edc9668282e3c8cb,0.014247746524412679
ck_5486768475af7bb5,0.7117900071879572
ck_3fb9813849e51837,0.008836224172613651
ck_861af5a9a9a6d619,0.0538673365130298
ck_da39653add0f1109,0.009774239663006242
ck_74a4244eb1f162e4,0.0028128422989718203
ck_9a930faade55b8ea,0.0098499988080352
ck_fb6e06ca88519dcd,0.019219091206302552
ck_9776cd8263a9f415,0.019471225605769443
ck_b3dd1198ac5aea73,0.02548971671695265
ck_b6675a04df1a4276,0.03135953092010981
ck_5c7ad6e731b69333,0.3331393038526736
ck_28dc0fdbaec00580,0.11731033576576298
ck_8e7a32f7e3905f4e,0.0177948969704128
ck_8563fed6674afc77,0.031332504061064484
ck_9a2fcccb82da663e,0.017533971304451605
ck_6a519bdac0d94527,0.014661867560126574
ck_a0dab7aa9c4a39a9,0.02577642415022542
ck_a3ce05e9e5e32142,0.029832382247477
ck_7a7e40ee3f97c035,0.011389138277856928
ck_9e9a830785112a73,0.02281699094555449
ck_ab1bb02f6b189304,0.06822529353481076
ck_7b8cb0f90fbdc8c6,0.011867634546495587
ck_b138fc249e659e60,0.00593777473478734
ck_e73caa3771ec5e0f,0.06175315209409921
ck_18a55b06ccccd88b,0.0049678061862658204
ck_fdcb1d9265d8fec1,0.05116354754514193
ck_e21a900556b382ad,0.012731352767923164
ck_c6bf67470f526771,0.04659862963540545
ck_b568ba3837afb39a,0.004670769734672303
ck_a2858979dd5645ef,0.005141306335295782
ck_1da9d40837ebaa57,0.04486318826834071
ck_9341c7959543c542,0.004182375234694443
ck_c8ad86806b9a2369,0.07640542994154466
ck_5c85d93ecfed4b0e,0.008465120076928918
ck_f07b09879d697b82,0.008859874920527835
ck_fe43da07608b1749,0.015766044702822286
ck_4bca22b5926b9c28,0.0005720662662835124
ck_aba573aa942b1d41,0.004637640697462289
ck_57c14e32fa4683bf,0.012943538718464018
ck_891530b489ce402b,0.023741732509626592
ck_5e74fdadb93ff293,0.033879878016248824
ck_14436a409ebcc90f,0.013363211385809037
ck_00013fdfa0bd37dd,0.00970209262419001
ck_7dbe24ba01316775,0.029320397885307877
ck_0e3f80c1553c591b,0.010862346364679627
ck_3edc45db58760d76,0.007797752429080678
ck_29076a13f539187a,0.09731386772910021
ck_b1e81b58b9a545ce,0.06238533701830908
ck_3f8571d4f7420b2a,0.11026460664535381
ck_7dff6abe4bd644dd,0.4138612048718738
ck_2884bab237af16b7,0.007198703229054344
ck_231e6dd1fe708000,0.013354974463368603
ck_33ecaa7b892e73df,0.007053911783509028
ck_b109ec4c63503030,0.0023559904822469287
ck_a7f522382509cef1,0.01015280023923917
ck_748b3ea941d8b3b9,0.035242179369455465
ck_29f3a1737a2d9634,0.015757701958557784
ck_cee8d42475a0f020,0.007940803923776666
ck_c6b6ebe145a8ffab,0.02686532222477714
ck_21c99e1d6b881894,0.015383215053203027
ck_5ad798286384484e,0.05325564204157324
ck_b621b6ffcc7f4848,0.010407508626605035
ck_ea819e337233475c,0.04521967016740718
ck_9e3896c2668ce06b,0.021722005151105766
ck_501dcf1ead036d2b,0.3151389526146358
ck_8d5eda29a2cffa3c,0.1246285883252077
ck_4d3aa36ff83f1132,0.4812340945786558
ck_8e9faf94e3e6c757,0.00459416197705764
ck_ce0ec41f96951048,0.009423824724905402
ck_f09165d73ee903b1,0.010617722355951707
ck_a432b1bf1d3b3d5e,0.24395615591224745
ck_ea618f720ff0b4b0,0.0182437517286857
ck_7584e7bd755cb28a,0.004785408047350445
ck_e14681aad43e1a72,0.0063415406668015754
ck_5e18870d8e30e379,0.007648734905998456
ck_ff7c26a62bda8089,0.0024458248555155725
ck_cc5a35175d381d5a,0.04364499129477258
ck_3c25029e40aa8a84,0.005374852916144408
ck_771247b5bc16c12a,0.0029296577490713696
ck_664b5e02759f985a,0.0031398457040341665
ck_692a9e8f504b9762,0.001097051278289059
ck_df8ad2deb0a4ffed,0.011148752983801743
ck_eb48c0bcd12ea654,0.012592419476420535
ck_7c77e597c951cdad,0.008678565250101857
ck_4f75144c6f3b13ad,0.010078913844189769
ck_1bcff399166d7c43,0.006684301805964085
ck_975c2aa3d4a8c51a,0.006485615210443494
ck_bc6f07b06aaa4ce3,0.020613706899406364
ck_80b072b7f3c7e8e5,0.010877516017056301
ck_471e4018a23b4e56,0.0420686081861997
ck_53cddfba570b4a3b,0.01594391402663402
ck_630530e50764f229,0.031537172515121246
ck_dcef7887a4f1e435,0.027750794334317333
ck_2795921a055643f6,0.0027460787445564108
ck_7456df89f3792235,0.008726874467745846
ck_5014a3b07e1f049f,0.21927975802522934
ck_d4ec44760cbe03f4,0.010804994337555426
ck_96810ad39d4cb7b0,0.06928010266917455
ck_3222ea25aa29bfa6,0.03551771049088462
ck_f6c42001b84a10cb,0.30727637623680387
ck_5ac86682385c86b8,0.022338510555115387
ck_4280c33af57eb4f4,0.019157715781867514
ck_05f79ddd8eefaa56,0.010140785370695592
ck_3a57a13ce032a6fe,0.016353518574389
ck_a721f0d635fad68a,0.012507507311456549
ck_a3f821bdf408c326,0.0042958862582890035
ck_0ada63008be5685a,0.029116291794699652
ck_8c949bdc6e8720fa,0.06551064231328863
ck_c0d2c56f9c722e99,0.9855547302635712
ck_5d2b9e6e087b8dfc,0.9980759314631201
ck_5217b55593a332ca,0.19426440594022615
ck_7a7bb9be5a7e48ad,0.008972551486991429
ck_24cd0d779e866287,0.02112261391010148
ck_7367917891a63771,0.02170527946547312
ck_4b31a8862a857e6e,0.64582585197023
ck_81429c4910ca46cd,0.002670091119255613
ck_b35d803568f82d9a,0.009803606272980827
ck_4b00e75c2d2d0522,0.01152486139050001
ck_77fced07f6dff42b,0.014566429531149639
ck_3c9a06eb07c300e4,0.004143799007373205
ck_b3867f7f494db64c,0.008400478459760061
ck_0c45e54897ab34e2,0.024420743050382686
ck_507a6a580ab55c76,0.05240929545652253
ck_291bffc7809f896a,0.021716770019814317
ck_3753cc5b9d02e2fd,0.001724159557555743
ck_4f63d5245b3ac1dd,0.026453072247668397
ck_9dfb2ae78659240a,0.01794841997419893
ck_90f6f5ced708aa75,0.015216259354086646
ck_8b5b5a6b5539e39b,0.6556744648811327
ck_4719112b55d20161,0.018519789845726976
ck_fec888a7108ca52d,0.9727140731294682
ck_4f5d022c99f118b7,0.11110642277195994
ck_e967ff05514b697b,0.050397954568968506
ck_839ce35819bfa4fc,0.0016564523222593907
ck_bdee1221b9addff8,0.0035489018560655046
ck_9cde4036d0914427,0.004785198515926184
ck_5ac959cbcc5e98f3,0.013909711696104988
ck_619842688294dabc,0.004261557676133174
ck_7373d7b04c7799bd,0.019400662288977452
ck_c1dd3feb9a0b6471,0.01877624288566939
ck_0324a4812ec319c6,0.017300362141721308
ck_7f3685aa2933b251,0.0455983117487523
ck_06aee5a62a67a84c,0.07871666089862771
ck_3428910b44b9d08f,0.016858495592785613
ck_c3ba7534cefc1de8,0.006500103271622118
ck_1f1273a67cbad5e5,0.22895875982046507
ck_124565a11b2f8bb8,0.006146411539903374
ck_38e46bc861e0165b,0.005757925321834687
ck_c8ad3f01319c065e,0.08084347422688895
ck_3f94a34f5038f7c1,0.15438659055236834
ck_cee56be5a502fbd1,0.1536501028265563
ck_2b90b76cf4d162f9,0.012943688600239577
ck_884b2e463ff1d54f,0.03011964802135963
ck_fab4f2f8531b4827,0.010402508279051531
ck_4fc6256e0e60a926,0.3768588968946188
ck_0a2f8b2f8a5b6f02,0.003930805744309636
ck_9c0deab8a8367c5e,0.002697479455181285
ck_d3a2a4c011fa2554,0.054607874673413125
ck_4108b4038f762817,0.021922576621079964
ck_4df036e2aa7e1056,0.0026998209815415077
ck_ec094eb1cbb3efc5,0.00848754920539952
ck_09f8f51bfd2492c6,0.006346208107662841
ck_b60fb9a10d6f4489,0.06358764752416232
ck_3638bc3388dbc1bc,0.16787592637403156
ck_7a58e0cc9943c39a,0.00990382939286483
ck_37dab6a0a536ed49,0.11875519922274443
ck_adc576690df5b33b,0.007895118160001033
ck_1383b2b1875000f2,0.005427042770547052
ck_43c1248db37a2eb0,0.0036388460198449896
ck_29c11bd68858e923,0.01101110875153254
ck_9401f9e11f65337d,0.03890414088828552
ck_ce5ed372b1a2ed6b,0.03357177036037712
ck_08b4619490e751a8,0.3476550132619769
ck_44b9125526acb05d,0.03158147106733501
ck_ef1a1de20d2124cb,0.038833439213867275
ck_e5e2624b7fc89774,0.030149010879495924
ck_f5100511609b92c0,0.0031653240280036022
ck_64f3bb17101b7c42,0.00813931569691387
ck_ea1e5b5128ecba2c,0.008939436211519325
ck_516163fcf04d5e77,0.013488834423866888
ck_7f9a748110d70005,0.02887751761946651
ck_d263b55f0a681cce,0.03094655717658218
ck_0e962eacf98a813e,0.012332115845669062
ck_0406931800e0e2e6,0.04642820308230388
ck_0e9b982afc88a3a9,0.9982537314844216
ck_8bbb625384edebd7,0.007376403075066648
ck_5eaeb87bf6207406,0.8062178968669369
ck_cc3318839c4b0745,0.003019134661540471
ck_08a0355d1f1890ef,0.004844176480757517
ck_af7ffd1a822460d3,0.42940388003429086
ck_2a09c7aa870edb6b,0.013222679708693829
ck_bc04f51c23290bcc,0.008972207269282263
ck_d3a8333cb389f4c6,0.01275107888231356
ck_88e3dd3039508332,0.017371632334037598
ck_b8c7771de9b57705,0.04537845280561438
ck_585ababa02383b50,0.00526467716084022
ck_e988c108754cee9c,0.004228441968911665
ck_4a691892d9d6cf89,0.007176930561922636
ck_7cdce37d895eefb8,0.007963202084626914
ck_483fb981a1fb4317,0.004286927604706635
ck_c1e5182bd99e0e35,0.14478801785199985
ck_9a1e3ec9a1839939,0.01599115644180096
ck_5c3f13de0dbd5086,0.024394815312461907
ck_f4f6f0caaab70040,0.034628785393820465
ck_791be3378dd7d64c,0.012834909418060838
ck_956dd784525f5886,0.020324683378611676
ck_098167eaf124c279,0.040486501858642075
ck_33ecff7914349ebc,0.005759350769522275
ck_e05d44e46c7174e6,0.010756380168897102
ck_1b2ce474fa6582b4,0.016449029833788202
ck_ab581082e8f72e3d,0.004640498134259357
ck_e63256667aa19070,0.04754455371885925
ck_f568772b6cb3febe,0.02850255023124049
ck_dd89a282375bbab6,0.05933166326699929
ck_a39d0bca345b492d,0.03142577922292524
ck_d12d2924d0f7a64a,0.004360328842013799
ck_6a548da1728b5823,0.9116466508422787
ck_6d64193681d2a94f,0.05445999689891206
ck_ced6b6dcdc7c201a,0.011089399743287121
ck_d1b0699d26282871,0.025344455529730334
ck_58f757e40a9b8877,0.14793622219124664
ck_3272c2c4a37d5220,0.3483657222183407
ck_d94dfde9e03c9d1a,0.019755201953393246
ck_08a6d4903a7fbaca,0.014568971958094997
ck_6c72a36b05fa0f4c,0.04358077956050877
ck_dbb4bd4eda97255d,0.013680635696766058
ck_94b59bbc824b307a,0.017630993602970508
ck_0229a07185f15469,0.02405334575096996
ck_11bf1039f8b3025b,0.03530517312263367
ck_36789ca11459131e,0.017471437787458674
ck_8572c5f5c1447c62,0.023494042857089923
ck_9e75c6641939f4fc,0.23903337166320468
ck_b45e47c39d4dc7bf,0.024068433958827233
ck_02903c48b6cfd65d,0.057287557692774306
ck_b153386f1729de81,0.1696572462451846
ck_36979996f33498f7,0.4489125246758255
ck_3c02d4dbbf6716b6,0.00801471249870708
ck_66c9a19963957531,0.03598376435778118
ck_bae8dae7cfd8baba,0.00442136259832746
ck_bba0ccc6cd968680,0.03452461173033079
ck_3267fe3aac05c71e,0.029975218090915332
ck_40052cac10562cde,0.019148836923754454
ck_d973444855403e2a,0.016956793364988162
ck_012519bb095ad36b,0.9967992586808618
ck_ad7c256ea10c4a00,0.1714550384665622
ck_70a60e095e9b706f,0.0032105059140096585
ck_f2734417c0db4ee3,0.004094247269238612
ck_9cb89cc3178e0172,0.0018007524343275952
ck_779cc0f2de4d5488,0.16011974156910966
ck_35f8656bf93e3b3d,0.003381756263392091
ck_bdd8eba728800e29,0.01673228280651348
ck_002cf760d173f0f8,0.015575500871522836
ck_b046067c6ca3831e,0.05119436474750738
ck_a4a42d4bff8af645,0.007741881100570572
ck_bce253d2396681a1,0.007348099804683294
ck_00dafc060c8de32a,0.008459867764525831
ck_968a99e097ee78c9,0.08371374731931376
ck_66949171b387bb93,0.015819080721985693
ck_ad305286702b1958,0.0087240982236231
ck_4732da7e0d2dfc7c,0.009038273350026391
ck_17a95bba77217d85,0.053974782673480166
ck_3e2516a3e35067e0,0.0071626655407880805
ck_0b615ed566da1f58,0.011501824548021202
ck_d2b3ce1ebabe9f93,0.009225278344823439
ck_a892252e4e0c2828,0.014504871747715807
ck_cf606fd6ebfdf9bc,0.07508003146255597
ck_718865237134ebe8,0.02024464115738625
ck_878522cb775b904c,0.05343868262899943
ck_9ed53de6ef779ae0,0.016292724958234205
ck_3f16e2cd7e6874cc,0.028897514345693612
ck_3c59df37895ead2d,0.009395925284607688
ck_6821459b626d492c,0.031073702666774557
ck_11c7667920541587,0.008476201913709474
ck_23a016cf6b98d89c,0.07355357381619758
ck_7137eeb394d200f1,0.0601952127607905
ck_9c4886c5c90ddbdc,0.05266902528669268
ck_1422a7bf7756294d,0.990777904339791
ck_7ebc5fa7f0d3b8f2,0.02033725680380544
ck_fcc2059a8d5c41fa,0.06190306345215768
ck_00ff7389d6a83e29,0.110937653089198
ck_03129b41457795d2,0.042351150443474206
ck_38ba64efa7c38250,0.016641609994291397
ck_57a6b56b09bff24e,0.0022944364187650235
ck_e3b3c5a80a567418,0.04932273614162251
ck_fc40a16adfced018,0.021121138045748136
ck_9d4b5e6b43bad4d8,0.03383232711770488
ck_61129937ee466b49,0.04373760310543954
ck_74112e47b8629c2a,0.05614685451517684
ck_b4703ee97f94d7fb,0.018427327923125684
ck_e560f720a988d8a2,0.04703020526565114
ck_708fea345f68037e,0.006740754839409188
ck_25394c1b83e0b803,0.05906925386148459
ck_17ab24fe914ae44b,0.01001827842930368
ck_16c501470d9bb006,0.010407197899891332
ck_628f449e248c19b7,0.03175749246578037
ck_6d64190623dea714,0.001972615311594236
ck_504a45ee08db72b6,0.009314230431933466
ck_6cbb011e0c70bc7c,0.0031775036205887786
ck_b3225a98acd04f83,0.009746407096899725
ck_aa37993f1c17cd1e,0.06746551996131203
ck_558cfe5f77a55a9d,0.0068177375011244
ck_0d0a1a021efea5b6,0.00887049756726602
ck_daf7aea023b7a8f6,0.012535617228621853
ck_d75f25184ece2b51,0.0585517105252008
ck_466d4b5366c50b98,0.020188552013019157
ck_88f27ab479063852,0.007755108180312204
ck_66779098e78c1760,0.024033378765894724
ck_b150fe4efb449b05,0.013430022310002083
ck_9c3aa9f23d01fa1c,0.10753167008170636
ck_6a01c375fc26705a,0.02223856959285622
ck_002eb6552b504ea1,0.12400021262578567
ck_affa5aa0bff9bb0c,0.008975779025238561
ck_027614eeba8b1a4b,0.006000305549941324
ck_67e075c982add719,0.0034572131029896496
ck_399b0d510be98bd2,0.00864696850435423
ck_e9b0bca7368555ef,0.02777080782207738
ck_59c29d9c57b4f994,0.02097467225422116
ck_37176850ed68831e,0.007676719842090699
ck_a0db4ccca08030c3,0.10579792329215777
ck_aa188e5c25f7f42a,0.008397078337012217
ck_7de6997178207800,0.027475127641263634
ck_c729d19053387be9,0.12789318421765808
ck_f2d3e3d90608596d,0.4031701453897189
ck_2db3fb565e0211ee,0.011418663046971552
ck_bed8a480e27e911e,0.0073004876071707065
ck_d7ad9921a4d25926,0.03455594424423314
ck_2a59f23fc5194699,0.20446572061806198
ck_63601a58a6120d8a,0.012284282511538567
ck_efd7b9e22c6317d6,0.006016911795980266
ck_9ab42875a0f95b43,0.04858442552465013
ck_85cb5033fca7c846,0.029410972927492066
ck_5249b223000915ec,0.008604385245904319
ck_3efb0e9bf25612c7,0.010666509755335368
ck_678e74532ac19700,0.011733105417321789
ck_a980b296c95153f9,0.0038144986904315764
ck_01ac687ce0d696a7,0.013427817279422544
ck_52e1418cf1aa9871,0.014543686415404973
ck_7d28da4f1dab09ee,0.10777481329958594
ck_010d0c2e6c1657fd,0.044135290790630985
ck_b524f7a2e752b9d0,0.004352553988250058
ck_cc447fcc24a0772b,0.04673362062695449
ck_2cb3c99845e572da,0.0013584108192070338
ck_604c710141327a81,0.002776025495914441
ck_8d5fa65717d2e0c6,0.011416873642221263
ck_31199510b40602a1,0.00341884934898454
ck_49e253ea12f4e922,0.03964288858472141
ck_780738e0d71e7e43,0.025449825889730777
ck_2cd21137a07fdd7d,0.0015913305185676747
ck_5e021f2a3b66e256,0.05281928961318691
ck_efbc79246e32c66a,0.021638983140879607
ck_9951bd806c13c7fd,0.01742783329102331
ck_7a52674e2806d8f5,0.04622546473245836
ck_1a319e509f1efa1a,0.007417946307859929
ck_c920901b9a4ba993,0.7252306640440914
ck_b71279e807d0b3a7,0.011626638767180189
ck_47e1032f490bb018,0.014835933986478636
ck_192579ecdca7ff83,0.022641389840100307
ck_b1496c474c4a3239,0.006191356958682668
ck_5e68ea2c5e893cf0,0.0231026201128093
ck_f2ecab85d4693b4e,0.005666217587877641
ck_89d7bfc81c3df597,0.006604531509469328
ck_7929284327667791,0.06939452164870033
ck_494ec63c5ce8e150,0.009907522115899372
ck_319b059bb2145586,0.025190463354532483
ck_ccb3767c239018c1,0.03430490674879481
ck_a1c7adfe26e09a8c,0.03424805191385928
ck_0e13c4f73818149b,0.022775307445127384
ck_c285a51ed6214f52,0.01739898330417812
ck_916784595f028226,0.06543780705057921
ck_6cd8e0196365c474,0.03675085564089756
ck_57b657aba4daffde,0.08851324632571149
ck_562c76a3753fc7da,0.550101911863041
ck_66cfc1ebc9a513c8,0.003719062663331078
ck_0f38d4aed68d7d24,0.005003432327992995
ck_d8ddf5e99f7859e4,0.02761776536676947
ck_41bc3efa0fca700e,0.027687093715247836
ck_40799e129fcf42c5,0.05853105221242724
ck_786f079389126e44,0.034922459779328015
ck_bb4c6b713eb0b978,0.07749260296544697
ck_4f01f7eac0efaba5,0.009194293136713287
ck_47d29c01b20cf69f,0.006017985875084115
ck_bf15a1f8d67a30d3,0.016787295972093854
ck_bfecad7586f65e4d,0.026183797900615903
ck_fc9f16df35190eb4,0.44411425045290914
ck_c09c914e416edd08,0.21178492691769848
ck_c54c5d8e4433b0f2,0.006687249733101703
ck_1694c28f44480e98,0.11042979852672191
ck_1dcaa3078dbb7571,0.008366076497960428
ck_af559f990c640e41,0.02770816016013376
ck_9b436162039a77d0,0.011021747619224783
ck_79d62ef181bd0cd8,0.006500006340967407
ck_23caafc2cd34242c,0.005389806067609782
ck_ffe2aa26f597e552,0.015735632037663448
ck_e6ffd0754ac08661,0.003764590765835054
ck_beaacb4a783db21f,0.0055151652793583176
ck_9863bff41d24ce9b,0.007485023948772003
ck_323b9cc5c49f8ea0,0.025591165628129766
ck_ab3de3d3e41c2082,0.10963847037062792
ck_35c93b2924900376,0.0027648147517147074
ck_5a9d5f9901e37e31,0.0186395784674547
ck_782b0be796164335,0.016148233859626406
ck_11960b5f1c7a5e2c,0.0042832476741484415
ck_9a66cb13a9884cc2,0.011430566768057721
ck_ba666a425930615a,0.006357234844913098
ck_40140bef4db73741,0.0022827455313753726
ck_e05e91cc180063d4,0.1266490047143513
ck_c7f6f45710bc050f,0.042760259392233636
ck_055fb9f2e1c8c934,0.04736848573154888
ck_58bb02d98e2b9cd5,0.01004589683037949
ck_d9f8efa6a7800f76,0.0684235340435278
ck_69691226c68fd50b,0.7077337435951386
ck_6f2f0396e5b1c538,0.975726520611674
ck_78bc3f1d0f35ea6c,0.007943169236923188
ck_2d5a6b6636a2596b,0.05732826965047515
ck_7878545739af0a73,0.005593164691694937
ck_03c4fa4f3ed3512e,0.013782310476296597
ck_1a9e51d092d62c84,0.29682953222930597
ck_9f3861940d8d873c,0.07438668808216942
ck_4684fdd61c6a0fac,0.022984008334853933
ck_715966f86d5c913d,0.012641593079779233
ck_77f293d44b4a3d2e,0.03632603578672449
ck_24dae044dc05f849,0.04540936162840736
ck_00b9818e2064405e,0.11125268150569717
ck_c1c2cb49c3c1b0f5,0.12802464540183744
ck_bed50fc64fbbf8ec,0.004372206287473065
ck_4f6ed5ea5ab7c429,0.04714713448630086
ck_458531c22ec2f9b3,0.018961466606423536
ck_51c50c4c443df31a,0.3070076228098527
ck_732d45bd578dc39d,0.0053227847903358815
ck_783fe5bc20cd02db,0.045409369648216354
ck_7f188aaa63d1d442,0.008443742711302252
ck_ef307a6aee38d1fe,0.47009711206368665
ck_e37196b20968b73c,0.014156225323347642
ck_4ef9de711c3d93b1,0.027705775161874658
ck_17946516d5df71d7,0.10637379208203747
ck_3534be0f4efd313c,0.004676823057493037
ck_29fbabf855cabdff,0.008435028469180388
ck_191673540d8486af,0.019354603740312712
ck_5f52728d777ff2c5,0.014999634018798736
ck_a045a19369016818,0.9920020450672925
ck_4eadbe7298b15e96,0.01665796395541725
ck_a3a0bd59729fe619,0.002902341264129448
ck_a1e77090b1c6ccf4,0.09222405287197767
ck_69ab9d4784eb77bd,0.023387552492613685
ck_baa47383ffd50f04,0.008791993589735175
ck_e35b2ed08b9e55a7,0.009847404221333936
ck_b6e3af0a5119d9a0,0.06346967729883832
ck_a7c1dabf3869772f,0.036915907786104686
ck_80b8fca67a14e0be,0.05123517732492452
ck_dd9c5f0c42878e67,0.008402005065072098
ck_41ef7967faf5ce82,0.0049296124210901964
ck_a93560aa348d6225,0.02800274399490426
ck_ffe91d6f0bd93fc6,0.07672498170153995
ck_fbf630c960194033,0.4131738573602825
ck_497ed60723283c0b,0.1676025649133542
ck_2a46b7ca55239413,0.0044538982623083916
ck_1a4e5ace078dd782,0.03827955583024168
ck_616cc31910f5de50,0.010642074061219753
ck_0d65bc749eb42710,0.01738620090406961
ck_2408db62e4395ccd,0.017255069424682624
ck_5d7721930106dce8,0.010097162519859568
ck_e8a6acea22b20312,0.18172133372300786
ck_e2f792fae128b18e,0.07731829247395905
ck_e6d3ce445b86003f,0.006738353794579093
ck_263334d722ecbc97,0.2972420794134102
ck_8c5b29f6666d4874,0.06977127066325159
ck_7ea0bf310fc20c7b,0.022453583652887073
ck_54d463f7fd89ec3d,0.008785222814443421
ck_79e45040dbdd6447,0.0736238041094616
ck_60b4d59953505682,0.8240838471274123
ck_fb00dd5021642507,0.007963473124447513
ck_f409ff994a210601,0.02952598347143114
ck_2ca0020038bfec58,0.48318512345486747
ck_adf84b9df54c3d80,0.025700582247803656
ck_942dbf632591b65d,0.04963716603910191
ck_454a7e4d859a3409,0.013137357963304543
ck_2139062d4569aa07,0.046954631618605656
ck_e949a0f4df0b3902,0.05314943687775269
ck_bb113e3e6716ed65,0.00972946301119569
ck_6a28ea6ce69cb869,0.06669670031879069
ck_7df9910af2bba21b,0.0025271118627931636
ck_78aa4b731cbfe251,0.0033338630113586903
ck_5839f5cbd8165b1e,0.0052412079086612325
ck_7158ad9e58769ffa,0.08032706204824801
ck_acee218cbe61df69,0.044301306675739165
ck_f8dc8473c2772729,0.044357300696515875
ck_f34c93a8173555b1,0.04411767276700521
ck_7cf301d075e4e709,0.22670838843813562
ck_b87e88ee5512ea17,0.0056878537657653475
ck_bed0c020b10afa3b,0.007486404573785809
ck_ca10102961f99eb4,0.0010854440623863952
ck_393287947b5c8d79,0.007740764166339331
ck_2fe6cac002142f67,0.013368798007891801
ck_79c7f0d29b1db1cd,0.09678601213438687
ck_c735b643d3cbf67b,0.0023871349166895784
ck_ea4332c8fe48e2a3,0.004542893350382039
ck_d39864119cdd460f,0.0177924022624906
ck_3b963d6be2773861,0.05599538940490397
ck_df39e3b8a9fd0bfd,0.10369615836707301
ck_6236a461dc0d11a3,0.029916103315128454
ck_475ebccca25e30d1,0.010069120314656031
ck_c10c8bcf5bcd516e,0.02227937008216805
ck_49ccc3716a564256,0.000752747937282556
ck_4e4f99102f6938cf,0.012310236945323003
ck_a97b481ade6f7972,0.029521853171612294
ck_3fa559c679751b3a,0.011249157345325876
ck_3eba1fd2c7acc4c0,0.10477808594379803
ck_18c179b4afc4fccc,0.0024206462004555
ck_cc1c0b93d05b7d20,0.06093858526862987
ck_742f7c28ddd019e8,0.032259487790311216
ck_04470bc93b8a0d71,0.004778141888843599
ck_6e8f8ef7a03cc6bf,0.038157221411595756
ck_eb1ddfc353b4da83,0.0316424966839347
ck_98831b57c7ca2e4f,0.008022225455094574
ck_a6c7b8d6e8596d4f,0.050630934584172324
ck_cd7d24e3b095e96e,0.07969767344796463
ck_3f5ae4673a9f858e,0.05178291631377082
ck_05f375fc8ae0afb0,0.007790015233873879
ck_1fc98436281ee39e,0.00845015716587054
ck_6c48c58678f64bae,0.011966106431259485
ck_8c95aeec6a4c75b0,0.015374914866653728
ck_364cde38958b7af3,0.15122018997686162
ck_85bf21aa1a00452f,0.003962482880341496
ck_796d3eaabc667c23,0.9873676247092383
ck_ac449ee0c315edde,0.010004804931242721
ck_6f9fd15ac6b163de,0.014194338085190522
ck_4087065be2a45ad7,0.09848642996431113
ck_ecf006bbc78ee3eb,0.07318962425950296
ck_8ca808cc5a49cb5c,0.03485009032098189
ck_94b90ab8b2dfb50f,0.012198356144608416
ck_59fd11b3232de9dc,0.8227692878914897
ck_67f3794d93e2dd67,0.10941854296111159
ck_b7f5acf5df1bb13e,0.010101670747430767
ck_fb04ecbaebb774bd,0.0021010397431653763
ck_68ef3e7301c621b7,0.03954472779977486
ck_41406cfa209b6bda,0.008678717722589095
ck_b0f8f5408662337b,0.0011047023209449472
ck_0d2901bfe585c391,0.021930505237821744
ck_3398551e81dbf3db,0.08847513941442461
ck_61c3e3e277629646,0.011567038972800108
ck_2825e34dd3e7ea2a,0.004784270187438033
ck_20d7571ba830009d,0.08558594081744975
ck_c98b16f9a72a6568,0.0037223705752753113
ck_e7c8a9e4641eb9ed,0.005756726139772866
ck_254a7c97c36dab8d,0.011478145820638969
ck_e98429675b46272b,0.006043685690086549
ck_c2fc0ac460786d02,0.038208693370255696
ck_fba15647b3a140d9,0.012408898171522229
ck_15ce50f2704227be,0.0054424170316871865
ck_8c748aaa4a4554f9,0.0281109499242472
ck_e00e82a9419ff086,0.049388828904535574
ck_832341c98254bd84,0.013201314074657713
ck_27466468d06db4eb,0.047525561533422
ck_9d7b9e3ff1f3e71e,0.011120434849203348
ck_42c6973d3a6fe983,0.009377699196222155
ck_877c85bad118bc62,0.05369114581908281
ck_75d2a2715259c4d7,0.0237817433878707
ck_37d3e5c681a2214d,0.2924526163655914
ck_bf285dd49f372de4,0.00819154352007337
ck_a5bdd026fa9c50fd,0.014807916778346197
ck_88d9244a9cf7a77e,0.7370850902907368
ck_5881b174e49b04ee,0.03971240527582657
ck_5b16d67c5ea89930,0.010167703440454754
ck_b75b936aafac56b9,0.011054781177299492
ck_aed2681e1646a0df,0.05451373691286736
ck_f63cb5e8cc702bad,0.01114140667123839
ck_1805fcfc4a9e4ffa,0.8833438501711615
ck_25c355da356c730d,0.015093035671809503
ck_70396398e4a96449,0.017366752900741682
ck_0f743bd13373748e,0.016552988232790458
ck_4b387765f0e916cd,0.002451615840731828
ck_e971faae8a10a260,0.019663280569205757
ck_9eb08369e983abfa,0.006413487935011709
ck_c30c5844512e429f,0.030685508017100415
ck_59e77e3a81f1fa0d,0.03974187728159097
ck_ca4465f2b5c1a52e,0.8499029004088734
ck_c89b9ca398402f1e,0.018628533824629815
ck_36e72ef9273e7a95,0.006717435752122062
ck_2bdd8616870e5e1c,0.002791969722040064
ck_216e87a41de22b5d,0.09363098097087659
ck_60f4fb44f5efe3a0,0.025625408889189228
ck_05652e8ace6ce6cb,0.006093864217049069
ck_8c136dc691e65695,0.0010391926477458396
ck_a08f8dfadbdca112,0.02736405095186847
ck_bda4041a3e90d860,0.008904412365210258
ck_15dd3ecaa8ce0245,0.7626373357919842
ck_3e3c64b3b7876ce6,0.014807868519325092
ck_46225858a38b2e57,0.003721771566278441
ck_0cb9f54928f4feee,0.02483192179491266
ck_152671fbf8a9a78e,0.03430110922273529
ck_ee7a515e87d17d4e,0.015061449340165688
ck_f7276091bf513d22,0.004577306057585622
ck_4f05daf1cf0d5755,0.012127858245614895
ck_83a69c4a5d55ef19,0.04226966483737372
ck_c50fed2a7c9198c0,0.006829894852024203
ck_70d19d5650ddc8f5,0.007612227140677959
ck_4b4d99e443618904,0.03602060186386309
ck_dca0b6ca93311ca2,0.11465910350690119
ck_b7431d4706461ec6,0.006387186752677792
ck_7b59d22cadef3b05,0.11159717026481553
ck_53428573abcd606f,0.0073553136392579006
ck_f538ab6aecf2adfd,0.0017414497131046072
ck_d321249fb065d2fa,0.06109009569892982
ck_72fdfc7e6d8e1436,0.01354586875377164
ck_b52b99dad89ecdfb,0.020801597644267554
ck_d2d4282f9d256b3e,0.05504732969650867
ck_c8f2a1dd8a6141a4,0.003912542945575393
ck_8d38747058d0aeea,0.34844677966705695
ck_3ac528caac74f563,0.0037500216203769903
ck_8dbaaa00ad829ca9,0.013791090316812584
ck_7c38ec898f0fc21d,0.01684076454664942
ck_8171ef803f5ff604,0.003491722446813488
ck_01a750db6fc1168a,0.06771771090179371
ck_ceb017baa26e98c8,0.04654248011370052
ck_e2c66c72cc0b0f78,0.11916017443920726
ck_8d9518f64b222416,0.07016023675441874
ck_804c5a1fa5753617,0.4487210182189588
ck_fca7cc9c42695453,0.024829608282430207
ck_3a632cdf2c19051b,0.07533764469108445
ck_b2b63ea65edf1dde,0.035277112554634935
ck_27b07021500ee841,0.028429074234627316
ck_9724718fe64c6557,0.9644630169711729
ck_2786cbc3e75ec034,0.018139920382187504
ck_d9c2622cb6df380b,0.002992973030399819
ck_ae1da8ee98e402a4,0.0044306472845179355
ck_62967b91504149f9,0.04475834546764076
ck_6b255bf68709109a,0.09104247443650308
ck_c55afc68421d85e2,0.004780973789716036
ck_7c7266f6ef2a8466,0.02898172886316167
ck_885cf685a9541190,0.8380623538249699
ck_1a4bb7d3d2ee3227,0.006766335673828196
ck_b4911c42f3bff740,0.006202225773438013
ck_66f9f78d4c6a3edb,0.02494340014303183
ck_49bdba9ee1899dfe,0.03465487239987535
ck_79b235d51718435d,0.005075861919450826
ck_d840db8cfe2ef6f1,0.0017141206721693358
ck_610c7bcc1cd7ecb0,0.019836214146107395
ck_cf49b6544aff6c50,0.1882248207142059
ck_de05f97c3d40dd1b,0.03651890463886939
ck_0302f67d75973dce,0.011967455157776696
ck_54c2604c9ca6256b,0.01565117144377439
ck_a1c88c0568f142d0,0.05230612899887406
ck_5d72ff6cc2963d1a,0.02733268239418313
ck_0446920a1004c596,0.01553940876148507
ck_71044c29ef071570,0.004231804010771771
ck_2122e9bb1afffef7,0.009170372477410418
ck_d1e3de178601d3c2,0.022638755187453678
ck_bec8324a3587ef04,0.01704858873115466
ck_b616b6f45225f319,0.0597172553526235
ck_ce1e695884511479,0.004112149091825731
ck_a662b4bf900781e4,0.0020550745749878456
ck_b5a84c5547378c10,0.009459035207761644
ck_f80af368cfc6cb7e,0.17098221730611174
ck_da3526ab6c5c884a,0.05708614522128682
ck_bd20be9a3392d79b,0.005064511927532401
ck_b8266dcd90cbfa62,0.002064572569665763
ck_ac84b33304362c06,0.013816458261013293
ck_794d8935a895e33f,0.025871633553716612
ck_8fea7d915259f1be,0.06518341731336687
ck_7a1519ad5ff45312,0.003920119591685231
ck_9bf3ce30b65f75c7,0.02016134210691325
ck_5f864d72d1eead99,0.0665688885037456
ck_3c48e0cfc2a58041,0.3031071405896
ck_d902183f80cc81fa,0.04309115773844988
ck_539cb0d117db8cd3,0.18027526223517498
ck_28f530aec8e77130,0.02642932005555823
ck_e7d903c50d353361,0.0037321501193054076
ck_d288b77d1e227970,0.025241334925161927
ck_017208fcc01b5d40,0.005453212417507902
ck_7e3923d278a5106e,0.014545310547366616
ck_9700a00ff9e66216,0.052334131981040206
ck_5c36c78b7a4d138c,0.02397188896708622
ck_c457e9c9224b773d,0.011621897562436949
ck_1dfa91405d7e66bc,0.00810983985828475
ck_f1d8a2695a575e56,0.04724313657888369
ck_3b92a46daf8d00d2,0.014596818789309749
ck_aab23b5470469649,0.010244502253544811
ck_ecdd01a391610d99,0.03820921311464508
ck_abd3aa292f8edb4d,0.03172504555901953
ck_7fc9a0776e1339e3,0.0006984173440877203
ck_c0389ebeb0e65cb8,0.0021843341902808865
ck_48d0fc4f6a2109fa,0.9939461665152795
ck_571dee4f3336c7ce,0.017069886618573744
ck_4cedf26628c84f26,0.026132602360044294
ck_63356762d24aab81,0.02445841900232172
ck_2c5bc11bb7ae5d2c,0.8557372256408653
ck_6d26a152f900fee8,0.005870519967966784
ck_c972b0e781efed3b,0.027571853810316644
ck_fa0ecbcf9a33d6ce,0.011519652971556561
ck_fa3a766e49dc77ae,0.012874470524324307
ck_7baf1e55db0dc558,0.029402631676681796
ck_e8bc49e6494c1f37,0.024046432750204627
ck_8ef1d05cc1e53e7e,0.01036552888695669
ck_cef2a485a77e0723,0.01893760526762035
ck_228a583f23abff48,0.02318377057262479
ck_ac32c6e374782b27,0.03523021296907949
ck_b9485218cef413f0,0.0686374772258102
ck_7f15503048915d6f,0.005940418232024804
ck_b62f5144db15ad34,0.010190275252449282
ck_917d82c552f95a23,0.04046513882317205
ck_fb4797045077bc6d,0.02057890058997318
ck_2cf8a44e041217de,0.3392479393029498
ck_b7dd681eb3d2ee38,0.011279516972313483
ck_e9e8cacd2fa35e79,0.011781272018413376
ck_342a79f91de5d1fa,0.03796261149835247
ck_2c91f62c05685ed7,0.021311236596253242
ck_e30cb64302939f38,0.07156855363123925
ck_d0e95b90ba86da10,0.008690467992389164
ck_1774faf414a5d49d,0.37946127507470545
ck_2401e8ff89e574fd,0.7125094816442573
ck_0cd8802264e0a1ef,0.0061476474719339
ck_da84a0dfe947fd3c,0.07168757978642469
ck_c8affb27ba7fb5db,0.0581784203601642
ck_bc7ece8787ca7200,0.016738743122139896
ck_469a0578d05990c2,0.002105162851415859
ck_eef67f8dea702338,0.05732139561092262
ck_4f490e379e9ded9a,0.01201499955031503
ck_354379de065a8ff8,0.0022820880826231564
ck_5db1cb368bc41ac3,0.010882352321109939
ck_9b1c3742dd6fcb8b,0.012679557014558196
ck_63ce4f44c92d7143,0.014744851767422462
ck_e15e3390f5ed45f3,0.009577161600607016
ck_da645ea91d66aa6f,0.27913931529112346
ck_834ca727df855f07,0.0808339900465876
ck_e1d5ad20c737c745,0.04978938214898577
ck_ff8059ae5fa5f1ee,0.001825369627613776
ck_8bb9e75393954a1f,0.021118028974286312
ck_4e1757d1347ab387,0.9552576290554701
ck_af3f74b1d75a5d95,0.004228962322298373
ck_6b1ab0742ff04c3e,0.018389073182216175
ck_f56073911c9f1ab7,0.0289611197789213
ck_51bd5f69b4fe0b92,0.4482859894427254
ck_fc3d95030b81f416,0.0007967488254052487
ck_cf78169633a1600f,0.00893165691483119
ck_ad7269eaa65c67f9,0.016890967886976874
ck_cc6d33890d47a6cf,0.014734779006599705
ck_bc8f31f4a2ffa1ae,0.011556819575945647
ck_720776a46e56dfa8,0.010528182271706082
ck_e2d1f212f259539b,0.016607908973651834
ck_eaf6f7082c3db2bf,0.05018421637718436
ck_773efe58c6278c3c,0.05147408261546185
ck_c4a72c09f2fdacc4,0.023808964200251442
ck_8982888dd6611143,0.025148397354435883
ck_9d5049e195eda029,0.02379175606560218
ck_de58ef6f9fe2b546,0.010581647022326312
ck_c0b50c11e4f5adf7,0.012205823180757937
ck_ddaf228487858bb8,0.041975015456698184
ck_eb2323215ff70362,0.03640897121941727
ck_168c96a1a636ea15,0.0195334223481339
ck_9c46711b14d9eebc,0.009388547213321686
ck_de8af660806b97b5,0.010018603500904971
ck_6ab83f45bf16eaa6,0.030768696229466583
ck_bf2228a052815840,0.018938748207965296
ck_3f943f20a9da9bff,0.004496651443586923
ck_3baae40454c00938,0.004644276454237682
ck_bc2e771a1d8d2dee,0.03549056459273006
ck_e55f5ca37f30ce8c,0.006351741388217288
ck_4ad5937bef176d89,0.008107586381885457
ck_126531a9126c17c4,0.007742155814193156
ck_7ec423cb56257516,0.015567983495413508
ck_54748ae0f2daaf10,0.01803099150119114
ck_ff24776280ceeeed,0.04037233750038679
ck_3c3a1a1365741bba,0.02739515132082685
ck_615277c8a4e2b18b,0.001915835063189756
ck_a96aaef34173aee6,0.07137608749240106
ck_bea56db7f3e930e8,0.009443304085357703
ck_ca491debd3b32a59,0.014728129558314906
ck_d9ea77f4114a389c,0.05853211380368764
ck_322ffda3332d08a2,0.013605544641283454
ck_c40ffefe4e30b001,0.019010684352792195
ck_3b1d7648d4580bef,0.04357356738902073
ck_23981a3261674131,0.00500350273450647
ck_11667f5b9fac7bc7,0.016982800175976375
ck_646bb3c7be5f0817,0.09279888940554729
ck_ebd0a45712dcf07a,0.005925952063664212
ck_baf43bf1bd963f9f,0.03304995026409905
ck_e0ca2c819658f6b6,0.9670355635136927
ck_f0d6633d0834fff5,0.02075776192004125
ck_91081be0254878a5,0.026768622958461
ck_1325000bc7f35b5e,0.01742878110677187
ck_c624b9063400fa3a,0.05705247640312737
ck_0ad6fa0e23c3bd0a,0.1349857545287683
ck_6ddb55b1f23c6cb1,0.010333290408018548
ck_dce1fb3acd65562f,0.0015955504692226517
ck_a9aa389688ee5aea,0.014995745001021986
ck_5c5284c45d9ad8bf,0.026414292619466435
ck_9ce743dd3e92549c,0.01594276390096011
ck_8342e08cc2f9bcb7,0.002758228509750868
ck_25e551a0a8d2fcc2,0.04554524165736449
ck_d4fd0e438c97e0c7,0.06120817140664201
ck_ac7fe1c344190c50,0.007695342874120803
ck_ddd65711b5651f89,0.00826320747021794
ck_ec7406cb5cbc8f10,0.01065933936720687
ck_1c65e8d5be3b9c60,0.3138906676703685
ck_38ee42f15a573e81,0.004495412402311142
ck_0e5385c70c6de025,0.026623174577760266
ck_d3137f0f7629040b,0.005308267124698322
ck_9129c92c12e0c8b4,0.01751626610017428
ck_c86520a00e50a926,0.04653719015988632
ck_87f82b2b5fee757a,0.018331182957898366
ck_643abfbd7548d0c9,0.05189262552753972
ck_be51f4e5e6b85768,0.10126362539645999
ck_132c16312f37810f,0.016329720855843947
ck_c78c096ca8cb33ac,0.007065159705303528
ck_2ce5afbc014763b8,0.23807585386772506
ck_50ed8f4e7ae6710f,0.016898755346215162
ck_5a4eb535c9a11993,0.014296606449601101
ck_9b665ef46d785324,0.012603038494252943
ck_e066f71f8b296b7a,0.029479972852935764
ck_560bc6017870ab06,0.002741706148306154
ck_fd78f8a8663646d7,0.007668998800959359
ck_4af5ec61ddbde1a4,0.02928694806546605
ck_c2ed04a9d218410b,0.007281128778350037
ck_2455d43bbdd2bb69,0.013258948448630447
ck_56eed7041add49a1,0.20195403325841757
ck_5f0be7b468a72333,0.004293084976473663
ck_19660cec756632ca,0.07357840452144719
ck_fb90408f4892a21f,0.007038788770696589
ck_833a65b86a5d9bda,0.025451872275209682
ck_2ac36e1dff211d38,0.03592166375956687
ck_c00e70606904539a,0.0011518691558268083
ck_ba8affe4b9505a95,0.7281338808378537
ck_0c3dd22587b08018,0.01343220606100962
ck_618c4e5cfae99dcd,0.06898529625331533
ck_c9690baddfc4177e,0.006656878564190809
ck_59fae092fb0c4aa3,0.03082221047454303
ck_e03b7d0fa0b28f4b,0.03135712753190007
ck_d451d24c780b5884,0.0075506091401670835
ck_e980d325b8dbb8dd,0.007694240453509972
ck_cff18e2d8c520272,0.015801684400659825
ck_a0e46b67e986ab56,0.008689127853146792
ck_3a469039a5b9d963,0.003822833931540078
ck_12cbb211ebd2b437,0.06390763329432765
ck_b8cdd6d6dccc4554,0.00797554258163105
ck_794ba5921cef50c9,0.024208443448009116
ck_2c7667f64edec2b5,0.004327661329723314
ck_7262b4e0c29c942d,0.015726310128812777
ck_5d818522cbfe2a54,0.02739134106223227
ck_de39c1947fb675ee,0.15681519681016268
ck_c021495606b4735e,0.004623358194949922
ck_1fc03ba33edd9e67,0.023059942844700376
ck_a6fe344bbf67f14b,0.01025488982978744
ck_963762210edc5694,0.03266307265558023
ck_d064428b7e7dc409,0.05221402685547296
ck_59be61b53d971611,0.005891620918791551
ck_ec8738ec663cd2eb,0.022039141863800057
ck_59d086fab5998646,0.010338876342899815
ck_bd32dd3b2cbb7888,0.9944904213720931
ck_ce0166addb93bbad,0.0032029475159265127
ck_7c0fdfbb447cdc04,0.10735626269184977
ck_cb1bd7635968ed8c,0.4122106205807839
ck_66f94903177f20eb,0.017761373968852908
ck_1d7cd5dcbcdafd7b,0.06740964115114349
ck_5e418a7c04437b4a,0.014553913420541591
ck_631ea1ae91ab333e,0.02598524415227042
ck_0a8029e79a5ae7ce,0.01055042309195874
ck_c4cca8278bdad9b9,0.0011494694588291808
ck_4dec3df58077a257,0.06272247671721581
ck_609c249edd88c565,0.004975078620993667
ck_02e5f9cbbbf2f078,0.03843228516453767
ck_32e486859130458f,0.5661593943195364
ck_21ed2ea6386c5a07,0.010867335521907202
ck_1242aa4496576a99,0.02979285407917769
ck_475ea9aa6d3898b7,0.07970803848698245
ck_fe1b1adae3be70a6,0.08954768654223809
ck_c5414d7a8031d4f5,0.020235088575827155
ck_ca1f6f01868e978f,0.004235026632875163
ck_5eff0208c74ec714,0.008552808361894955
ck_a315c9619a317609,0.03379598795393488
ck_2b87683c90acb852,0.042424735155276096
ck_7cd9f39c50748ed0,0.0017633576454685353
ck_16a06d58d71935bc,0.17011016429550213
ck_d116e0e7c19b878e,0.07047362168034715
ck_931510e384b1d0cb,0.0015910940394492138
ck_e7651fb87bb24132,0.034623371476397956
ck_88ef9f85948e1a01,0.0034229362626747766
ck_17bf38d51115a8f3,0.02266286541134457
ck_2659d1d3762a2825,0.011615039688446446
ck_a7285955e2852686,0.015598091801384223
ck_f2c33d5b65b321db,0.023230864036385714
ck_83e5979334345622,0.003989979072200375
ck_629537d8b4d0f395,0.002830358327626544
ck_72022008a92c9386,0.01746349154276626
ck_2973b8274f0bf69b,0.011069309050683516
ck_565e3418d2f4061c,0.006889807131449238
ck_54bb53b8f8ea32ae,0.9728422784620058
ck_af0a6540ea7a36b2,0.021765494693570128
ck_888651bfc2c8cf70,0.0026955628859744248
ck_1dedcb48ac381a1c,0.19636369520772579
ck_f73273e220296be8,0.06037593787830779
ck_8424bf65223a5a9e,0.014172431089994185
ck_337b930fd149a696,0.013321161777978492
ck_8a4952de8a123ef8,0.06999421345695801
ck_884168153c9c0c81,0.0119698768751205
ck_fdda581aec411010,0.009949375409587602
ck_2b7cadbc8b180d32,0.6285509799198173
ck_8aa8b9968233a1ab,0.006033871792078826
ck_0af18b3ce015d294,0.01720159017885706
ck_8dde670a735d1e90,0.4491477607860584
ck_62f46226f244139f,0.027518184532685633
ck_f948e8a8fdd79b4e,0.011966045167086095
ck_fa00aa0f3e859904,0.03309910691470113
ck_fc7935f784a4f249,0.01388288794899802
ck_e7501307c0698e5b,0.02903815892800499
ck_549ed417f2834cee,0.023638502507964426
ck_fb2a35571ec719d4,0.1478439803070039
ck_25822068c86c856f,0.007022140506037968
ck_8f35d229b62c8f23,0.07152972063391971
ck_bdcf049c1e7d0c95,0.03224267531269565
ck_0aa9db36eb16422a,0.004814928098794206
ck_42dcf92e9e016922,0.02371782843745614
ck_42341cf31c08c981,0.03704311685517732
ck_0b20bfc515ba42a2,0.03740719674465484
ck_0ec820b670d48098,0.004108377130569382
ck_1f0bafec397da8e4,0.012747460054851441
ck_82f07504ab59ed33,0.11883722950757675
ck_337b24a474010abb,0.9864936818644943
ck_703703bda38fdcf8,0.016375042615122033
ck_01e7960c63dca3a4,0.9411341671822369
ck_be5bd81e3715cb8f,0.6384688222824154
ck_197f8058cea1fbea,0.004219462855793955
ck_eb3fb1106f2f1b21,0.057477094666245725
ck_658b4b54be09a4bc,0.9475151233985332
ck_266ce7ccf41ccc50,0.013548448741531298
ck_110608c3b03d4038,0.1832546233812195
ck_1be8cb95d6d9bbf8,0.007506139031108295
ck_8e16a64a776afa82,0.06944312097260881
ck_34bd190d37eda534,0.029477882360467583
ck_4f521611ae14ae66,0.020317918091147573
ck_d839798f9520363e,0.1658769624070756
ck_d1bbfd246c0ac9d5,0.22490955229668927
ck_f19030e6e85a6776,0.05542701028652056
ck_cdabe60ab59f9d5a,0.03499807422854818
ck_bb84b2b30293f566,0.8884480601899388
ck_427b91925952cb40,0.0070223367972234415
ck_1078b1e155b5b640,0.009600402706404627
ck_95fdc264eac72fa0,0.018876398569456335
ck_e35eb857c61548b2,0.4481926406580974
ck_69bd0b1abea7e1f0,0.17342965930784904
ck_59de511b20c842ba,0.04028781038565358
ck_168e7ea341a36b80,0.02813057940768104
ck_4937cfa6526ea138,0.017819410709710572
ck_bb1a981306b750ac,0.04912365260783275
ck_f42a43e4c3f34ccd,0.02229384140641183
ck_c7ae1d4b3ab38185,0.022223629928477096
ck_bd23cf9bba1dd33f,0.031122215964454886
ck_0fd826fad7ec7cd6,0.05444719499949993
ck_f143641bf3dd0414,0.024050644363449166
ck_ad6d48c20a3688a7,0.010494322105988014
ck_7bda5b5b927b2905,0.06453635780850481
ck_a337eb38eefdcc88,0.07704020473689045
ck_403da2a2d800df9f,0.39797681800276585
ck_aa01d5aafde73d0a,0.02134350142923576
ck_494954023f0eb309,0.08427176780224037
ck_1c6820fc38135ad9,0.018489540381261233
ck_0e0bab173622db9b,0.17128896125169013
ck_547090bf35a3b243,0.007790685939780961
ck_d69455220b21dc9b,0.01996302746201269
ck_90b4ac695b9c6bf7,0.008569495972170556
ck_8d2afe17c0082e6a,0.02526802745557788
ck_926b81c0ba528eee,0.008173842473343745
ck_ce36b0c287bd198e,0.01574378677631824
ck_8026e017909aaa6c,0.09340029088971502
ck_dfba788f35d4c372,0.018043935090166878
ck_f09f9d0e0886e0c6,0.015754374090388396
ck_4ffe0366df388604,0.020845342133285392
ck_75bb521de55644c7,0.02963163681112999
ck_81a960fddf79ecf1,0.7612496884453567
ck_8f43459991ea511f,0.007487733607249241
ck_f878b68d66fbfd4b,0.00715341758468778
ck_e84abfc0c747c9dd,0.7594010658594941
ck_3ad3fd3cceb56b66,0.8741019285930698
ck_7cf562578c7f158a,0.033039908397831094
ck_f81a97d350397306,0.0336704418155226
ck_255d87b7fb40caa5,0.010549724804846642
ck_b3905153b9eee924,0.01038169562846006
ck_2c80a592fb4cd6a3,0.007701824031902179
ck_57deb202d4188a29,0.0021361399285151827
ck_e3cb5f31d8e94448,0.9032019180498023
ck_0db62d5f7f75f80f,0.021509710318846846
ck_ced9163ea85589ea,0.04411059682795142
ck_e16528edc694fb33,0.9739486862835975
ck_78cc5ec4940fec3b,0.030704803649437836
ck_31742076e9a998f8,0.07732631887141994
ck_5ac335f02280271e,0.25897566306095476
ck_7cc2e091806cfa5b,0.057098556766181606
ck_3152c7115257f084,0.007979684659944686
ck_ab1b9d019921bca7,0.012216269032415017
ck_c33a762d98f9b290,0.020447312045901386
ck_b16a7c51b6f7a6b1,0.6690916625836054
ck_97402a153348e68f,0.005426277507267206
ck_95391029a21caa24,0.026870864264601745
ck_c2015a1200971fe9,0.04206258260282159
ck_ed4427962c68918c,0.8594756315516048
ck_c5e4a17d3efb19a4,0.5120444356292928
ck_8aec3d3dd51517c2,0.015135275381849436
ck_f5178a658225d8e4,0.010829046183552432
ck_8594f165e95316d2,0.012124079036390624
ck_f0c4aac04076a6dc,0.014133056990807455
ck_ac2f7397801036ef,0.03754808666864247
ck_d1ea4bcc407c7d5e,0.004031316068091145
ck_cce8b6657a538fe0,0.036829521207807615
ck_66d0c6d6b67a8d58,0.01295356933026281
ck_1a6b30320835e57e,0.007887682300486814
ck_8cd274cc85aa35d1,0.021413439979550874
ck_ada46085a78280e4,0.011334018631671033
ck_ce1b06623e4a815e,0.020387912790348052
ck_45e70c8a9686580c,0.10185654307647525
ck_0084d8ab6b1044f3,0.0268727613471957
ck_a5f7b6fed6df2aba,0.07067091593667248
ck_94940d783e7988e6,0.01756498867202938
ck_00f9ca84d1d8ae7a,0.004991308328395655
ck_0deb56f3f6452818,0.018682294391365224
ck_a58e900469dfc3f0,0.017724695888600248
ck_028c41b195280980,0.014931127073497412
ck_7661d7ceaeb19f97,0.015221681501400344
ck_6957905a65c47879,0.017117265577899953
ck_f7c6c26ef3c4ae06,0.03668799377710772
ck_8777beb11aabd66d,0.008641600866079693
ck_7db098a17374bbf8,0.8299935713595918
ck_66aeb00e44486cda,0.021028400730338247
ck_838c52cc1d315ec3,0.01961387194740754
ck_1745847cd4e5dc83,0.025284626989882902
ck_201687857ec8b3cc,0.020099843103983335
ck_81818169208a8cda,0.03564903870361881
ck_3303fd3f64632c7c,0.13865961881078484
ck_edf1096809e83ef8,0.020936786383959616
ck_235ce9603c7dccbf,0.0424258106906825
ck_9df7e153868bca13,0.04371892040090277
ck_3cfeade2cf270fee,0.005988043595055185
ck_982b0bf2e2b6c4f7,0.03303012010708842
ck_faeb0da678bb86c0,0.003575272515366576
ck_e86ad2fe815b6ed9,0.021915285938763285
ck_70d69e5d1bb99e85,0.05126528457588293
ck_7e9a8924eab779e6,0.8291115815926556
ck_019d5891103e7da3,0.10035462051411256
ck_14f0484b3817eda5,0.008289993405320713
ck_85de63d278f0fbae,0.014184986940960199
ck_ae91b4cff57fb3bf,0.008010063517727236
ck_2a6d43b9f883b78e,0.19043420592975793
ck_7a4e3d553e8ab5b7,0.025786219233145537
ck_fdf89dc69f700f84,0.2041142172319203
ck_f92e04024bf13558,0.004768450398230746
ck_4a522ca2dc4831a0,0.002234409750253786
ck_68ba25dc3385fea1,0.012405745995128862
ck_22128a4f0d033422,0.023979553285655514
ck_5b52ee0a13c71590,0.11580565317958369
ck_59472d17debedafc,0.02964047319127691
ck_9dde2c63acda3ba3,0.006951076044899049
ck_7510b1023cd08531,0.08236705744221512
ck_071ddaaf2e4e3671,0.018063365028648713
ck_1355db6f4010232a,0.175468622256044
ck_0a7adc2f27f98510,0.052066703392411894
ck_68250033717cd59e,0.002343063729958642
ck_7c12de74de30b788,0.21942789086963918
ck_65491367584c730c,0.021420500072202173
ck_e9047964952bee70,0.04281806453109925
ck_5567779d6ba184eb,0.014016309564515954
ck_d6ea026357ec6477,0.01607380488266647
ck_cd7dcc884e283746,0.03755163136401375
ck_0bd77fea8ed75a15,0.02081968737514552
ck_e80883208e8d0453,0.02997477962819797
ck_2ad0ecbacd5acf8e,0.7479112032277331
ck_6c1dbee7e8fdd5c8,0.017374881299493092
ck_ee4d9a7449515908,0.009868608948457843
ck_636111f7f030496c,0.022406205893565508
ck_2c629c657f73941f,0.003982287387186389
ck_c1c9d3842d758420,0.19870792845127147
ck_e4df7faacdfe8c40,0.027729399175073024
ck_94e8142728e44380,0.03311065497402133
ck_765aaf42c5088545,0.012966219958082167
ck_e0f845159b6e6a4a,0.02701396298480147
ck_5bc07deb82edbad7,0.031154562615710885
ck_713159c5c6a7a4d0,0.9966193823350106
ck_b08afc91d9ca55db,0.014657672847041841
ck_a7bc323ffed2ea97,0.28098291865803793
ck_85ca825f905a34a1,0.037023284425999566
ck_33160c443d4b3f19,0.015920131009054015
ck_832d39c590a3ca75,0.6808963599549086
ck_7d1661a34164406e,0.9875112598242962
ck_c2466fc40fc9d5ed,0.9324903024626632
ck_ed0e776c0926ce67,0.0712953649943807
ck_cdd2ebeec75bfa69,0.1775878804816898
ck_d7877684c7923ec3,0.07202978422199208
ck_7384d4d2406aabf4,0.010641886052011312
ck_b8e5244e650aa81b,0.019310419018315917
ck_25a1ea40b2d59254,0.008405299043317695
ck_b9e5b318ee4de68d,0.005919800134495221
ck_620d7ae27af83cea,0.011710190943370344
ck_40b4e264d1a12b83,0.866660641403184
ck_b694c803b62862b3,0.0017808100967287813
ck_cbeca201dbade3e5,0.02468772609012603
ck_f9b439c9161c3e52,0.12245984092076742
ck_9880410fcd10a28e,0.00870213164975848
ck_74928f5f91aa12b2,0.05341767938149885
ck_b6673bbe61d2680d,0.04770463677015265
ck_53c8315b5c30acb4,0.010346043035322395
ck_78f01d78ea79642f,0.012844821779143084
ck_8582490d6e365a63,0.019499567297574773
ck_af25c72d16299258,0.004203235029060802
ck_7905fe8e257b0449,0.019103685648107403
ck_0d16d9349e4a9e08,0.005541027637512308
ck_31b16b8848584e98,0.0305852191946031
ck_67207e3eecc02d76,0.011878294620032917
ck_e6b95ff91116a592,0.002515686583924143
ck_c08f622bcd6de6e7,0.008719828516287763
ck_f9a68da9e0f0bc85,0.03392895548232076
ck_4072b59388976896,0.013318774476579576
ck_8ec86e853ad52828,0.09561176920695812
ck_4fecb87eaffd5cb5,0.0015618146114637684
ck_d6880578428b965e,0.14901305808084248
ck_bfc82b3c1c9f2897,0.7292832648635718
ck_c340644176ca03e7,0.02325418596453018
ck_321e740066fb05c3,0.6503567805190162
ck_8929d2eb09872052,0.030839350394526045
ck_205c107cec528414,0.19384249875786622
ck_e76db7d2562f9836,0.026271014123411374
ck_9ede51c8434cff6e,0.015117942008783884
ck_492e4b89c61b7b6c,0.010787510743249108
ck_9385f5a1eeebefcd,0.041015082313759194
ck_ee52c7bf88f952ab,0.010631960653959202
ck_d8116c34302021d7,0.004027393598699661
ck_01645ea51972e99a,0.032260673458873415
ck_7b45ed23304a854b,0.00735897187369553
ck_2096d32f3d497ea1,0.16442680322335265
ck_dfbb2056f1ef7d3b,0.10017670995873744
ck_938ce30c864bc7df,0.025937877793864035
ck_ff30dda2c881a4bd,0.044274817707707394
ck_f88c79186a082beb,0.008173772586924023
ck_08c7bb0f9851cb76,0.03585503693238729
ck_2675e7a008e584a7,0.05625172154993085
ck_cbaf8a954281d4e3,0.913210530129243
ck_8b24eadf6c72b30c,0.24360759757648318
ck_ffc8e3c1377d0706,0.0056009460927966
ck_5b59e859bed5b40e,0.01224414996279969
ck_7b61717f172f9317,0.9322348087664151
ck_e5c30947b732f661,0.049515742272964805
ck_bc273f3ce79f7e1a,0.002826544972045511
ck_f69e93388b3028cb,0.22257538801455426
ck_3837ad850996ba60,0.016508608832764535
ck_36d78ff3bc033ee5,0.012256014504929212
ck_5e20953547ba4135,0.06276986116147763
ck_258d661e450ac870,0.001582192823208065
ck_1df66f537496ca59,0.03199887019470025
ck_361f535599110201,0.003565709022269883
ck_337e98c69f6e7886,0.0033461847371273746
ck_d3d5b2717cfc3913,0.03501516728248647
ck_b1dba768dbe7affe,0.023692375730151514
ck_92d782bd9ce0d1e3,0.02980431289797999
ck_26bd0f8898afc8ba,0.009488010436767273
ck_7916e53daab36745,0.04770810047436334
ck_2caf553b31831a50,0.006119731295028557
ck_c6200734c7f9b2f9,0.37507165897261646
ck_cdc55623cb16e6a9,0.002587747790029257
ck_57849e15b61c43b4,0.006026152788096251
ck_b7af9b2ee0eebbc6,0.020669754366353058
ck_00aa5fc3b3bc66aa,0.0940129333712043
ck_9929723f65636c7f,0.9728566228352982
ck_8f6cce9f69912983,0.007037947394070037
ck_c422ba389ff00781,0.018381595235007434
ck_9ec7f334604a228f,0.009979924897182286
ck_5d01200ba3341462,0.0070017798037416545
ck_2bf10be403849c9a,0.008518555783412188
ck_6ca018259f70858f,0.003944949146796521
ck_a54dc042ebb7c766,0.14295510746925108
ck_79da63fc100830b5,0.013700335188906874
ck_67ab6f9e05c85085,0.03501630766270867
ck_fa80da579ea9afc0,0.0012998969087988366
ck_4339f86c87289222,0.1896060853021926
ck_a2299b4f530be0d6,0.574162477375933
ck_19db0bf788697c2b,0.02680324284866489
ck_fa4211c4d826d830,0.005103294823693601
ck_96100d5e8e051e91,0.020746905066692797
ck_5c3a671883d58b3f,0.010691891316488641
ck_2d9524787cfe1ab3,0.17257276129673874
ck_47ab8e51e5b3a2d8,0.04098945254144756
ck_c924f36bc1bbbaa3,0.004494246896215278
ck_5c58e7f8fd55e26c,0.001601998573062723
ck_a07e7409d6d5aa06,0.02020139051708413
ck_c8413898f5f7cb7d,0.03575789318586136
ck_577c816b41cab002,0.8685200040839118
ck_9f7807ed64cdb728,0.27666300353096596
ck_495d814d6d6d521e,0.0036885053530379157
ck_7aa8bc018c2b003b,0.032711958715870446
ck_7c3a6a82f3c3241d,0.01254847990729306
ck_487f7fbc290e4ae2,0.06591960949133098
ck_e556c4d36aadbe03,0.013268329500198047
ck_7e6569a1b2455cb0,0.02829627865783403
ck_de2924955926d046,0.04749648805177005
ck_73d60b4630e3937a,0.03320153938013146
ck_805ee564bd35ef15,0.020286710745378043
ck_0d40961e47797027,0.04272791461981941
ck_f06d00a4f9c87d80,0.011479659987276371
ck_5ef50fb07b6737d5,0.008348370341513943
ck_16541fc15683e21c,0.08296913612992031
ck_09fd43f1b7e2eca2,0.01684506570570738
ck_2a2c336a69b8d68d,0.1155317370473954
ck_2685f38930866af0,0.0345985143618637
ck_298278a9da874437,0.020698840883657144
ck_00bd7803f2530c68,0.025940462207955952
ck_c2b4a1d8c0b6c1cd,0.0056355130558127225
ck_2acb54ca20c3af6c,0.040957144494926635
ck_e3d4b6f681c783ab,0.01893056469036363
ck_f90293f1eba5d7b6,0.04860886026551022
ck_e69d27e8965df0be,0.003907624851015825
ck_b7f5d10b427346ad,0.08348029477734357
ck_1ce20e4223a936b1,0.007496790434121219
ck_6b97d1ab90f6bdeb,0.005509853227248267
ck_e30e17db5473c7b2,0.021293661816426758
ck_154c8efb19dee665,0.0016565906921940658
ck_6f5bb0c930644cae,0.9983920399636861
ck_9e17699baa83d173,0.004295652487257045
ck_9693b1eb70880205,0.0111379342903361
ck_1e97899875bb427b,0.0070477180525725875
ck_558a82590f65df69,0.03322357779970115
ck_18df83242ff3cdbb,0.019822367056925746
ck_80ad4396e1084c68,0.04327645284758459
ck_0a993bc947bab61f,0.012290987837419255
ck_5c2d43ff841632f9,0.007315681631820415
ck_6e4b99fb9725d9fa,0.008734529941244068
ck_e0983999ca26c19e,0.05050630869427222
ck_6573c4947cc8607e,0.03584662437808969
ck_d879d645d6e44207,0.004985654368136174
ck_1375ad9f10688e4a,0.015261122753003474
ck_7501ebbf4e21f160,0.002984629453308747
ck_ca60d61cd4dc3bea,0.021906549467401858
ck_ab9ea095a5c58b4b,0.0074512701389776925
ck_23756522b58df5d8,0.015181286565605367
ck_90bc176c43d85fd5,0.3029734263319203
ck_908b663b2dda94ad,0.6024117226261653
ck_4df2fb8e4b649e27,0.02205636014572588
ck_5615c6bbdef05291,0.10869321813558758
ck_b62f3e3185251f71,0.00328803874083057
ck_38d1a22850178f33,0.009509381018195697
ck_5b3ba20c8bb1383b,0.009185479871946102
ck_5576ffc6aaf6f22c,0.00761523204251078
ck_cf7a022178165e56,0.012272989199726364
ck_f2c7a4c50e2ede96,0.01278404993788405
ck_285719c77eadf915,0.015593647417249471
ck_f2aa1b677619ab19,0.008401449615927087
ck_3830c58d841e9e69,0.29113809522039746
ck_32eba3510c8eac5e,0.027507949055459707
ck_8955d7b9030d5eb5,0.0010205165288293303
ck_6775e387dace7525,0.05258024956719668
ck_0a0cd7f4be606a93,0.006622441943697973
ck_a9f700eee5d638df,0.02187953822482415
ck_3d7db96995745472,0.04454356410621177
ck_aeed557007d52e9c,0.0017609773128462471
ck_79b6a86830156b5a,0.012812059976236138
ck_6a1ff9d69466181c,0.9960768061622013
ck_f11b1565f986f5e3,0.004513147773106536
ck_4819327a78615485,0.022583789518853908
ck_3ed9e081959b2f5c,0.0037383095283611955
ck_16af4be191c47d3d,0.004461025916007236
ck_25122cc0e8b1a662,0.06277964634940587
ck_509c22828d467ba3,0.050748960060722305
ck_31109c899336348d,0.00923155983902269
ck_c51131e53baa59c7,0.01670094865727373
ck_cf8ecabbc61d3e11,0.17629396077931783
ck_eb6baff0f85ba936,0.015376333381719157
ck_777669e2243204f2,0.8667899506506046
ck_ac0ea27e692acdc9,0.04280408070559
ck_4c6ea04ce8ca9e2c,0.025038579423294967
ck_ca54b32fca7e94cd,0.01943108174706291
ck_4dfd8947f540eb24,0.012586214970434358
ck_95aff1fe27fb24bb,0.013568043976629115
ck_c7550723b90e5615,0.003027062490620585
ck_57b3fee69bdf85e8,0.01985497572076258
ck_f823407ace7ff064,0.047106759523358535
ck_a69084a068bcc8aa,0.2155608948268692
ck_c7b17f7b24bef5d7,0.02578178077079025
ck_7c4e588f927c27c8,0.025649209912122307
ck_77fdac602d0c6f95,0.053339046553424994
ck_e963d8525018d072,0.017973935181517794
ck_6e8ebaea8f7bffaf,0.006112871907611333
ck_aa42976a31cb7770,0.003898902736102893
ck_22c862a496008c96,0.9968108984234844
ck_527550dd15f38782,0.01794134452573003
ck_b3ab3c210e2c7c19,0.010031028494936145
ck_ed9c56fdb9f45ddc,0.23998033995343426
ck_b53281da70defcfa,0.007850214547107805
ck_03009b721568ee98,0.03537463420685275
ck_3d9afd862b3f4053,0.43110681253767846
ck_ad3c4be96599554a,0.019811283731526942
ck_d1c787c27d50af49,0.01981082645043655
ck_c7a9c7b2eef46a99,0.050362097085254756
ck_53036d3c6c74446c,0.20211501690892186
ck_1b1efbd9c0964c8d,0.018103505144579715
ck_d66f42a269d5c1ed,0.04109902423076144
ck_fefc49a2b8ad993e,0.020502506284086223
ck_8b3b874249adece9,0.0207124800613138
ck_193d9c87ad3f1dad,0.00668378495297792
ck_0c6a50d747593b7b,0.010916786779082326
ck_c830f3830875b47a,0.02021180340834887
ck_79e202f06d8dfe42,0.025206770098653745
ck_5c0fe988b8aa7fcb,0.13684601110892725
ck_a8382d8345f21e1e,0.002097151318499918
ck_8cb20053914692d0,0.03493354618207795
ck_1da2f69023ca4c13,0.012838739704352698
ck_38abb60995114f8f,0.0495848880031872
ck_f5791fd8fd8fd191,0.011760133899606187
ck_a4e6fc391b674335,0.08814524673821907
ck_bd771efb4a7e15d0,0.004601958971120571
ck_38ba4a6b6a292054,0.017075807847527838
ck_f7a07283345a0dce,0.04608118948481239
ck_87dc484baaf5a23a,0.00215069283707873
ck_c84ef83489badbfd,0.041859144963236644
ck_a397cd64ec5d644b,0.03515877040017848
ck_7977135c2ff61e92,0.0020095696883127416
ck_52174855b243a8b0,0.14547123809013043
ck_0f35e930d0614613,0.9904705274051411
ck_b170a7db522a0d6f,0.03195030219383547
ck_7af748a23775bd54,0.028806507047338344
ck_52f641c9ee6fda70,0.007260002334161089
ck_c3719a30414bbb4d,0.03218506818452952
ck_2baf214ad6bc0dbf,0.03605456835315871
ck_8b39d8aacfdd72b4,0.29807738590168636
ck_d39b0152116203be,0.011082819341630596
ck_ed33f8a937f9c7c8,0.005614136627934037
ck_8ef97b55a5fd6ec9,0.0030337940824246732
ck_8247f008a14bd1a2,0.019754167035669068
ck_f0d349d68249d5db,0.010654206066692968
ck_a544e766540861fc,0.04595426290123128
ck_9dfaca4c7c80b10d,0.21907803637475
ck_7e5401c362b2216a,0.00907234844611739
ck_64ff60c073fdb6db,0.03194011438677988
ck_fc5ea49518e5d637,0.01419534123228844
ck_580f136ced341298,0.035430836822386035
ck_9cbef9bc95449dca,0.03679679996634536
ck_e475a3b8ba870a7e,0.00870094571824782
ck_97e94708bcf43563,0.003916629830120734
ck_13f03ec785cbdae1,0.0021746917145906786
ck_152820d8817f478c,0.0018802492807024633
ck_d20d4ba60eec9945,0.006126438731899373
ck_5c45968a805132e0,0.03540637506037374
ck_bebea2cf3063fb24,0.01734494643134242
ck_c3c69aefe7ea1d2f,0.014464075006538735
ck_02028b72f26fe855,0.025336838408987396
ck_dfadff70a58a9133,0.015063829834324492
ck_6482ed4491bedcaf,0.0030810408710619085
ck_754cd7b4a5ae3f94,0.008216197137815696
ck_3132857aec8485bc,0.005038501964782471
ck_7ce4ca91b8f9f1c1,0.028003371625754093
ck_41938582f4351772,0.09936868568272564
ck_f87d66946252476c,0.26085178076003274
ck_8053f1879a9b4e43,0.035328013186509195
ck_93892e91387f5103,0.05885989477148651
ck_15254db133b28371,0.020961502902271577
ck_d557b9feb241b3ec,0.007472478195543799
ck_71c3a8e4c12c989f,0.001806208259619902
ck_80e3041811033443,0.03686309832291203
ck_3380d60067b4634b,0.031051807652933684
ck_a9c2cdc758df8510,0.06035443423020468
ck_3c0031d7514da17b,0.022751017511084135
ck_18d214b1418be39d,0.01159165595310698
ck_7ce768407fd48321,0.020594239584729657
ck_7a50abd42298133b,0.020170813293095252
ck_2db10f987d137582,0.016181993322856983
ck_e077d004cd1d80ae,0.016352678438171318
ck_1cb6dc67f9a321b5,0.03152984445533852
ck_b864f64101149c35,0.11598356245625684
ck_9bedf54df9418e4a,0.0013909129541492097
ck_c47e32c47f0e6578,0.11849120144168071
ck_71f382d5e338daa3,0.005527496795479584
ck_14b4bf7be6ac2b61,0.0427171122960982
ck_5c87eea1cc07cc92,0.02594878144022335
ck_5f445182829ef342,0.018614076581487532
ck_a5d7311291caaa54,0.07151216893331849
ck_b7df99aecef385e6,0.02569232016216158
ck_3327a0582407068b,0.02111071005762327
ck_08dba09fd7dab896,0.017522422383238704
ck_f4ec334be5266378,0.029804951034885625
ck_240f7f894c5a86e7,0.027399317298739873
ck_a9d994554fc14a02,0.0012297930858754902
ck_13648cbd306eee6d,0.005121149296698543
ck_601edf9105b3c321,0.9907299728872109
ck_9527adac182abe57,0.4164455927780048
ck_4e0e80f5cc271bf7,0.0030688139339879157
ck_96a89e720176b389,0.03497795579087497
ck_63560eec94b76d2f,0.003770300085488109
ck_c9c99e5b19aeced8,0.0045350329296079805
ck_bc32655ee5ed643e,0.01649814463408095
ck_edccb5a93b741744,0.011113914105447709
ck_f786cbc987b70930,0.01527018925290913
ck_0e8f26536ccc8947,0.014405184322923802
ck_b87ef4b98cfcec4c,0.023628160487066244
ck_1a9235812de4b2c1,0.015652460257879832
ck_d1ed88ea4211ba4d,0.00435785832311161
ck_a4ddac49657a4450,0.007969200252726991
ck_d9ffca35188e49d8,0.011462072555954893
ck_3db73bbe03c3d240,0.002724627900227382
ck_fffa0622344a36ab,0.0052530850795838805
ck_148c28df51bba5e9,0.13779245679564336
ck_076cbc25c8f15fc3,0.9798229615431402
ck_e5ca550b39ed45bf,0.5759251979587953
ck_8dacf3a2061ca17d,0.019507095934791694
ck_2d7394afd61643d0,0.021361461819209435
ck_e42206e91f6a1752,0.0012492154303952085
ck_2f4f94827984c426,0.003937136208857411
ck_edfe8e90e8f4366e,0.005978884979765335
ck_646b15f753e5e9c6,0.0444483635371573
ck_66600620149c8799,0.027832336202506434
ck_4ff6fc70bccfba96,0.03588790841832064
ck_41af3729590c2484,0.007797571043174054
ck_920a48ba8c583e96,0.006269829285595644
ck_0253b3e7be021306,0.009553852511698824
ck_2ae6949246ea2648,0.016464099058459098
ck_db23a5100f338d72,0.40738134375808094
ck_fcb2a559474c3493,0.026178928754518792
ck_0a4d7acd2a53cbbd,0.04815197608497063
ck_c5d62b2b7a6f3bac,0.46265616920733593
ck_cf59f4fc0ea690b2,0.001083558720987841
ck_837be8126bb19250,0.024765413702675296
ck_58955542edee1adc,0.056232959944503974
ck_1b93381d8eea58d1,0.00383334403512536
ck_97b8e05d62abdc14,0.06274728663255583
ck_71a0d645744302a3,0.1396823288846754
ck_a7b57882ab66b111,0.0038961636920878105
ck_65f76421be648549,0.04840044180796029
ck_b53ea8713d32ca7c,0.017799611743575004
ck_991c4c924a1d85ff,0.6559690018295099
ck_8432ccec1a4ec7fd,0.9880353056869272
ck_64c1633297f43788,0.012339752137170099
ck_4291fd9c1161d8e1,0.018595047877230063
ck_5e98ed6391d9f429,0.045295766367857614
ck_c7baebe4549fdbb4,0.011775035833576255
ck_6e67225ba59fa5ae,0.04245101963097053
ck_719602def4d35fe0,0.017390193598675205
ck_bdee7c86f5ebe81f,0.026374673643614635
ck_8de38f8c7f91961f,0.007411612053406264
ck_b0b5bf9254700402,0.06556698877141622
ck_7b55d9bb1a250d4f,0.07880024322472165
ck_3954b7b0fd1d6614,0.002073508290523595
ck_f29471fe7c818d6a,0.09745389321823067
ck_9e65a8a2f587691a,0.011997191806252994
ck_eaec5f1a83b66eb0,0.012211474946860042
ck_004fe0daecbe2c1a,0.04828347964848432
ck_d17653a4a2d4a79e,0.03455874556326215
ck_0dd417fcbf19e424,0.009995538876498651
ck_4c99a6eadea143e2,0.13406004323662718
ck_74d602c907ee9119,0.00612030477173671
ck_1aa87cb62acc0ac6,0.005402394747061209
ck_094974d75e29fb2f,0.05794224481221877
ck_5ef935ac3d4d3332,0.011710894315479368
ck_b26e4ae47c9107ed,0.12087213936317956
ck_396cea6f95186ad2,0.02592621326545088
ck_48446a9e8184c7d4,0.012806345259301456
ck_31e1ede23247d56b,0.23011854009930421
ck_7afefa349b960a3e,0.020588393586409494
ck_f5e02a3432571b20,0.05794942961148953
ck_64eefec062592c43,0.0028892960088904504
ck_a1201284122c141f,0.027005258285140443
ck_1b34c420a4c85a95,0.01818564690153284
ck_d637a011332ba67a,0.0075124974026526325
ck_99c0004d8b7079f8,0.00835588498805608
ck_948517bad569b40f,0.09691552957306161
ck_a28d6b1601b472a6,0.06668924402173294
ck_a0b4209feb31f5c0,0.9968871761294453
ck_d6d2c1f6dfc455b6,0.04697744226890958
ck_3f9e6d356d3dd3cf,0.02091243229353849
ck_d08e00c842b75176,0.005636067486649076
ck_bfdd232a7c5f2660,0.04898138526798551
ck_2cdad03ed069438c,0.013265682625466286
ck_42317c3eabd0a285,0.042142826694535576
ck_3eb73e56751c704d,0.009941734755370643
ck_ef33c04f4c9e3758,0.02955875687878988
ck_1dc23dc870f1773d,0.004612064190102692
ck_76091f357974a152,0.005052423617403098
ck_4d9eb75e8eee90fd,0.041758046568774645
ck_578f67e69e5d2cfd,0.009489478689396558
ck_3a8ce1cc724229b8,0.007293357178403851
ck_a96887f841e80fc1,0.005826917089568094
ck_d2d4a8f4a9f2c33f,0.07599889858670099
ck_11f85bc705dbe036,0.015399496487732527
ck_7429b3f87528e335,0.00467321055571196
ck_26df74feac7ec51d,0.008739398159145628
ck_c78b2638fadd91ab,0.014788621839346114
ck_7eaad325abe3b50c,0.008364505022262936
ck_fd44e34af620e606,0.011278496664981878
ck_f99738dff854e25f,0.012375379375441075
ck_1ffbce3a239bb264,0.030359305334961995
ck_96c7d52ba0a766ef,0.05986877068137175
ck_cb1c00c300af3f9e,0.04284146006894842
ck_ec3d12848ced99f2,0.0060842123533124785
ck_26cfd7c3c6c7bf69,0.017205098127722484
ck_7ae86b5a885affc3,0.017483841472501413
ck_3edaa94d28cd48ea,0.01303691731313695
ck_3209c530c9812e39,0.0830734451133438
ck_ea62ebfc1f04b49a,0.00733876512955126
ck_5fc90b4668ea81bf,0.021965441394475777
ck_95654593cdebd141,0.0025220453334856624
ck_958c0bd61820147f,0.0155652780571735
ck_8440ef1386c07194,0.004725654262888835
ck_8cd1b68dd74b1375,0.19898586193404041
ck_c9eb4df91ff07f2c,0.017326129905400004
ck_c29489366c01fe65,0.8549156232472741
ck_c965fd6bec0f0ecd,0.04181017927645899
ck_84c402b23766e1f2,0.02138379000119216
ck_181f3dae03b87136,0.02336104412818489
ck_022a8ae79eb28cf6,0.9913392445902601
ck_469c17407d17b706,0.017692290900927454
ck_1fcc5843f39148a9,0.004021738347840218
ck_5debd55f361b2ddf,0.010090978145718537
ck_28cb9b03e89263f1,0.019269187119815356
ck_f067470743d3c7a2,0.030588236211660437
ck_d5d225ce41a1a762,0.021918809301162818
ck_15b4840922195ffd,0.03862507000752795
ck_6bcfa37c717f19f1,0.046297711403310925
ck_8d501a0386c66be8,0.1640859804439024
ck_1a9d6190c57ea7e2,0.19509740624184777
ck_c49832eabdac5bb7,0.007673099435490063
ck_b4331140b2e0d4aa,0.08253533396547005
ck_5efbea1befdefe1b,0.17880272563876945
ck_72ff52c4824072ce,0.01615934450822899
ck_ec3715add8bbb6e9,0.004872427208228356
ck_9822f8ed05335741,0.26460451214610325
ck_c3d7d3d12a1981a3,0.009045496653911593
ck_a115a7919ac5875a,0.0718886578563812
ck_4dd4ed23e0b927b7,0.15345808783027312
ck_4c76efcc1ee6762d,0.03022760253916194
ck_3ad6e7bf452c9b21,0.02236280750952431
ck_dcbab304b55a42c7,0.005921149405677746
ck_24b53090faf722cf,0.0034973166714713324
ck_187317383400491d,0.027906971098784327
ck_e07fd57565c94c28,0.021071575602189266
ck_740e760fdcd27835,0.021182067151164493
ck_d3796aebda1cfed5,0.8941520686031036
ck_e541967c681cb929,0.011908449407438649
ck_431118050b834dcb,0.0036424425427778843
ck_90f3655f0c8a0074,0.015410642803318627
ck_13cd943777651aac,0.008406587406819037
ck_66accecabf3901c0,0.04624304871381863
ck_937f0da2306b2eb9,0.039168381773689157
ck_105b0c93573fd5b7,0.08598753035802907
ck_00480407160e0743,0.027872809481612654
ck_e032068be7b77d15,0.03142140840818403
ck_991b7dfd69098320,0.012608533793047877
ck_37d47cf0f34574a2,0.006999906586729295
ck_011551a596544f5d,0.028752641887719935
ck_9acd98f4fe2d474e,0.2283863138404561
ck_7c88d3d377bb61bb,0.05835477522296147
ck_e2374c7136c964fd,0.04225651205726253
ck_2fa8f2577116e9ca,0.06279200328304858
ck_d07c5b0321c685ea,0.6831900199010026
ck_bc736114a31088a7,0.028323993541536818
ck_32bb42f9bff197f8,0.02291790504676821
ck_66267bbad1f1415f,0.9989096330404583
ck_19988702ccd79201,0.002076177290462084
ck_f473a03fbcdbc4b0,0.03274264150655742
ck_e3f1d85fa5d49396,0.01692673027085215
ck_c4402ea6291df271,0.014701166949674587
ck_243bd5ca8c4ae5d0,0.0027846602288878488
ck_f271e855925e8d6b,0.12130666884640291
ck_e424148c6f2223df,0.026047705178810936
ck_e4d0a9e1102a58b5,0.002788231648647665
ck_91c2a5fe69b9b1d1,0.11715962011814099
ck_5fd8924732fe403e,0.10627195704994556
ck_9a881d5433126ada,0.037133798258803995
ck_73cab88b29c7845d,0.034203787778835516
ck_5b5dea6476d4e182,0.01509054356164077
ck_ccccb17d2ca6ce94,0.03483361950617526
ck_cd1dc68e441222b1,0.5694383802045151
ck_8312c49b1431a406,0.006542509315895465
ck_25fea39897f2a559,0.005701762600924276
ck_f56200205280bddf,0.03812693916833667
ck_7336611650dcc088,0.009786845634788124
ck_590716322ff147ae,0.05422909849231192
ck_c82364d87875a1a1,0.011020909778215652
ck_fa4b60387d744fc5,0.037400241174059566
ck_d841eba8906e9a15,0.005615183385463686
ck_d6df562a79b9d0d9,0.01555836867585105
ck_59a14d2564193101,0.03407802737055721
ck_8530158e3d7f59e7,0.009080088922494426
ck_ac68d707006c12a8,0.03875384417756984
ck_976fac1bb3dd8c58,0.014067800963865744
ck_f854fba8f4adae3d,0.053810467530462175
ck_b98e9c3ec6e7d1e7,0.01629874434827646
ck_803c0b4cf9d4bc1d,0.027655201745416653
ck_76997a33c3ea5107,0.002287840311049297
ck_f1a9d832b700bda1,0.9777649527815997
ck_2bd96ddb8c323d63,0.98506427436451
ck_9e5b7acf51b1b743,0.024334163662747876
ck_09169f22194fd6aa,0.06397045509395316
ck_6d69e092f9b0848b,0.013178868165707978
ck_9f83fa5a2d3b9049,0.007106468357655901
ck_57bbb19eecb4b87c,0.011810647928232871
ck_e0e9cfabb979f428,0.010199736618732974
ck_b1ff9edc51d42f97,0.001866471011747179
ck_4682fad271d47eb0,0.7731563867590805
ck_ab33fb754c818ae3,0.014159431250648457
ck_b456f62b80e21557,0.002040500742633683
ck_16340be3f2a7fffd,0.0066828151814687905
ck_ce66831f6611014c,0.013532525883040486
ck_4610a073bb54d1b1,0.017374010105424262
ck_fd038a7d33a9d6e5,0.030837588169326923
ck_c8198cb4c461304f,0.01351165183596518
ck_1e7de58822000dea,0.06456693839244584
ck_b2a79dd3df560f14,0.05498718018582548
ck_74a06f347b32347f,0.017246008094465956
ck_c6fdb2972417c9bd,0.01816838091749703
ck_d7607a213b800bfb,0.03287658222848149
ck_df65967b8b40319c,0.0030715965978711348
ck_329a73dbd585ee09,0.023744849807541667
ck_74991a9e85c3b07d,0.014214116185275117
ck_bb76609b79e0bc9f,0.05773542840181503
ck_f7fc1bd0b9ab1fa4,0.013855431420915679
ck_d111c98b36bdb791,0.004445575488501709
ck_f07e27d125497b66,0.01334941355712876
ck_093e3a7134e11d6b,0.005970406216414597
ck_862c7953bdea48b0,0.006734789750520231
ck_392cf2cdd515c34d,0.00450042062563759
ck_80eb91b0b4001084,0.034305245625839004
ck_5923f53b77193a58,0.07380834724855788
ck_8049f5fce32be185,0.48860379578581903
ck_ebc5a2c6cf88e252,0.05889433562967365
ck_9ea5872f14cce338,0.020769961330673013
ck_f7fbc95ebf584379,0.006339745078940013
ck_bafe82c870356706,0.9684123075663947
ck_278b36c5932d9bff,0.021469923746646382
ck_6a892dd5d05c1649,0.06574272090427531
ck_0734fd90b2cabd43,0.02064358471404873
ck_9b552204498b6762,0.015248996734098248
ck_f6c909c205767956,0.034541360980440576
ck_32f590e87bc3d715,0.0014020892967906366
ck_66a8325f28be7562,0.051257457708222036
ck_b129261da9c3c3c9,0.020449270392511515
ck_a524071c51ddde20,0.013661537902231437
ck_ba576d6d4cb6130b,0.30708244200628054
ck_8d8226520722af78,0.050994001635528155
ck_c5b0f0d4f1655a20,0.013322087689921389
ck_61814ae9b6d8eab1,0.040803739957505164
ck_382ebf136f7fa337,0.2630837377064812
ck_423ff4ede6a9f066,0.15674733583456096
ck_546ad962d04b7de4,0.7613352977425385
ck_9473ea4a01c95f9a,0.05191508730750761
ck_9eb1da8cd35a50ce,0.0036941747425038966
ck_de5eaa2cdbcb67ff,0.05715292537194273
ck_537cc97d0398c922,0.19550530857277998
ck_998475a2e4dfad4e,0.04560745657576356
ck_e62eb708d2688fae,0.003371577309490713
ck_ea623358f704daa7,0.15016508619661004
ck_b911a09f328dfd4b,0.026812305317926492
ck_4b3506b624e5193c,0.012009309558653768
ck_448456f96788713b,0.06575620446453956
ck_5d5ef9e75f65d076,0.01579031652278443
ck_3b74512f774a6e5a,0.015799066354939252
ck_a032e8ac1507c6df,0.5364521878510247
ck_7e2d6b22a0ae20c2,0.18627680846747177
ck_d80283209c963f11,0.011281318394618085
ck_d1157eade2ac3975,0.03595859478707229
ck_be48f583f79427f7,0.028492101721929456
ck_0027b5d4107d65d8,0.06299368975440509
ck_94fff69584dd3b2a,0.03469914986579347
ck_75fcda73f0b43557,0.006123130187662652
ck_a1c78972e4ee4082,0.01724879954303042
ck_f0982bbdbd122f91,0.003554971986751177
ck_3199b471575aeb3a,0.0029468098582303695
ck_7fa947a0b1c1cf74,0.1611075802534133
ck_a60c618b7f0e4252,0.016697800195269192
ck_722ac47c8ac9b6c3,0.053774654640950874
ck_d44dc3839a195c8a,0.16599790395581943
ck_a2c3e82fab520483,0.03495147214432461
ck_6f8ae0319c07cafe,0.019060985332895367
ck_49886ff1e2c759d6,0.02163346652853731
ck_150a1108f936e6b0,0.0027374886495953425
ck_e21f9f96f597695b,0.0137709387924655
ck_7297bff2b7fdcbc8,0.006068954072147189
ck_ee949c71f4f702eb,0.8639409553257269
ck_6fc37dea4b4f35c6,0.08687855819784263
ck_e76257caa98dc25d,0.9686570612414369
ck_828eef2334e17b3a,0.003986128050054677
ck_604e1b8a8c693aa7,0.08131961746595977
ck_7743c9fe037d1f9e,0.10592974442954643
ck_864a11202e19e812,0.09800786053626166
ck_4ec040b9e3785e4a,0.03008116315488524
ck_7346e4f820d9c00a,0.7248907793403832
ck_48d4d63beb26b623,0.19151734702969864
ck_c423aa6de3ed1e01,0.0014568924686069532
ck_d74b2ead8aaa3f73,0.003913826131876823
ck_1dd69a11daa7bf1a,0.07472247650031279
ck_d9143e236eef177f,0.07783293442719363
ck_f790d91e5ff0eccd,0.05613999693440773
ck_69b5620e00ef5dec,0.0013531450686800166
ck_cd32e58e8a1c0e85,0.025185990632189254
ck_064013b0957d87a5,0.9925248396574685
ck_a481385c2e60dc4a,0.012129943551257946
ck_d72035cb29db3aa4,0.011709090987484672
ck_3759939a0205306d,0.013026300167277368
ck_f437a53fc832ec95,0.09481317411564756
ck_260ef2f3e6434819,0.10386901855269112
ck_35e411b05d22f663,0.02156033966974578
ck_8bf46e472f3e20de,0.11928631001331212
ck_d546994fc5d3e9d1,0.002704425189627857
ck_6ff0fc7487e737e7,0.3547746287904351
ck_5c67f27816ae0b6f,0.008983689952850836
ck_c5517923458106ae,0.004526833795387301
ck_d9735647a6b0b0a7,0.8202642601566424
ck_541a734fc457246f,0.05314156209874851
ck_2f6a639468f41043,0.009774954448900074
ck_bea2cf7a6b7bb900,0.0053937224625163534
ck_7eebd0e6ad6c070e,0.012785811185387201
ck_b64c87d5e3b10e6a,0.5805475296088478
ck_9dd7daacb7833233,0.02494906726779737
ck_396e9ea9a6c6d7d9,0.11509680966350078
ck_1645e6cc53fa99ff,0.019314475535910754
ck_ea2a83ccb8d57490,0.020771599039087266
ck_e64f0df63e1be595,0.02257036945920343
ck_fa0b234481cb57d3,0.029115688733788225
ck_63379e3c9fe6f711,0.05251363685707863
ck_c67f7944896a0310,0.010134606472662698
ck_c10e54c9db29e6ef,0.9876838141397685
ck_7184ad7709ae4c80,0.03662952365061597
ck_f8b6069d7577fde6,0.018856087731775054
ck_18444be153bac1ca,0.3658737152900672
ck_d0982b4e0e118e4d,0.4325239401410446
ck_6faf3e6820398866,0.010971808796225965
ck_97e980463aca4644,0.014108182283090673
ck_630c835243c66b19,0.9368233847763301
ck_fe429ba3e1aa0e4f,0.012050673113056609
ck_1058129ed7b48c59,0.022044525855227703
ck_04a1a46f07885296,0.013292523906687162
ck_f01e94331067edf6,0.01011162936858075
ck_77b2fb17c29f5e72,0.011942936521607363
ck_4f0c5857da45fb28,0.06036226000172852
ck_2cfb9a7775e8a5bc,0.9841556449118088
ck_6846100e43659bf3,0.006793677097307683
ck_f89719a854fe11d7,0.008963901413591754
ck_bf47375e41ca3bc0,0.005015645678112468
ck_2770b0400a7bef08,0.11225862305690602
ck_2a09d142de1c77ff,0.01496049414081158
ck_857a1f5547b9ad68,0.02183999292883519
ck_185f15b1523bbcf4,0.02129725466545697
ck_ab2aed614ec1cdf8,0.016191272688179322
ck_a9e7f3b2d5dfd97b,0.003164509770795695
ck_0eeb3d9b3e697edb,0.012012023712181444
ck_fa5830d81bc8ddc1,0.020603537195771748
ck_231ae0329ebc3220,0.03708231985679851
ck_1587763dd54688c9,0.050533307850500864
ck_9f85fea4490c00cf,0.012274674537055918
ck_a2d709e7eb91e4af,0.0317933201354845
ck_43637d28c7216453,0.029861299075096888
ck_f3ab5dd853d38252,0.01591048638021164
ck_4a1f0172d3bf4fd3,0.023172436570044967
ck_517620ca16505af0,0.006001262334200099
ck_9ae904fbef56065c,0.030451789846333444
ck_d5ef1f6e34bb35b8,0.016225420276936527
ck_ff42557857ae3aeb,0.027345785299986092
ck_ad9a18f58589faa7,0.012266048581144932
ck_df1a6edaa3e6b271,0.0038804656103082645
ck_99021fe7225b5a68,0.09161845981221199
ck_99e52c3c2530b69e,0.9914160114011746
ck_3a4811dc4a1a891d,0.022782200038526608
ck_ba3a6be026c87079,0.004966012758008936
ck_da6d1e5cf6aba6fd,0.005772624143515342
ck_ddc7c1f3d45fe6e6,0.05341994980979508
ck_e1b1e7a7e4a15b3e,0.16754446568521225
ck_8288f7f226e08b89,0.011370853335635355
ck_c4524993ec31dbe5,0.023102891104559008
ck_8b19bb5b23b6741c,0.004729372531884978
ck_d21b38231a8a9f4a,0.34635319118177593
ck_3f730318a9792292,0.022592495491317612
ck_a4db6e94a8f77f9d,0.080203270925545
ck_a8cac8d480306839,0.01198315487522833
ck_5472214011fbc2a7,0.005417716113601484
ck_7356f47dbbbe7904,0.03213733880402453
ck_16801e628e883d78,0.006566621631768652
ck_0dc1e536231c4860,0.0074513470205475815
ck_7cd0634a6e60af83,0.007271785060077327
ck_ef6f8e048ae1bd4b,0.003006530402537223
ck_82f3f744209888ac,0.009759381820685769
ck_f33188c232a03526,0.2700696613068124
ck_4a59f4e10bf45d7f,0.008018314914760367
ck_d96c893721385e4e,0.0052648508664566536
ck_f65ab819373edb37,0.0117308796774372
ck_21cac21fc10b7768,0.006151882098383797
ck_139b54e6ccbdd7da,0.08953973007788242
ck_d6f5c8741697abb3,0.019033695275940656
ck_a28d9bb5590d458f,0.047066483823219124
ck_ed26d906883bea0a,0.027655867774179776
ck_227602ad072b838b,0.01351531522505612
ck_39d5f6c17c745ab1,0.004330958451802589
ck_744eade757ba69b5,0.056024650702343824
ck_c1295d97cdf35ec2,0.004195694801521141
ck_69105f881da3c821,0.018623079267132983
ck_933789b55361d7c1,0.9410630417834314
ck_b667952253503174,0.010780889089852017
ck_7bf668e25abeeb05,0.001817169180260941
ck_91742711dfdffd56,0.04059768156992991
ck_af32a0660090dd68,0.024723479018286004
ck_2122f201e65f76ee,0.005273574194686138
ck_f48acb73a5d6af07,0.029708483656355183
ck_337c5684510cf432,0.025264498617033046
ck_f7bde7265053364d,0.012603517047146325
ck_c190c7b924edba75,0.11834671556253765
ck_044fa3b3a003f0b5,0.014812390742417378
ck_87eb43e3b9d96169,0.10046146243468744
ck_2d3d6c9364362017,0.010175153921755982
ck_ac55dc6cbcdf8228,0.004981237952927103
ck_61d7b0568ec5d6cf,0.013643603124784803
ck_89c74feeaffa7d09,0.02273182903470884
ck_93776b0c113f41f0,0.06219935365284247
ck_15e0b679931f7a8d,0.0085305918036619
ck_77b56c49cfdb1d81,0.06606911228543395
ck_73188a826b5f499f,0.009312679990765136
ck_4f463ef25325ddfa,0.7076377583895227
ck_863db2e394dc47d1,0.8498772959059152
ck_d52432ed597f3cc9,0.009748412915861615
ck_04fb61e5739642f8,0.42207142936171715
ck_2e481d75d110c06d,0.16080477484984
ck_3fa1a523d77cd619,0.01406343488456365
ck_466dc6274fecd708,0.01083275573388569
ck_e1790b3aa2241b10,0.5334463654663459
ck_84ad096a46e1a960,0.024295446294060972
ck_3be72c9c178fa00d,0.021904021986564205
ck_5a17c89219d1d9fe,0.008153565183505771
ck_4f639f4ee6ce8d9e,0.3376710929589368
ck_f4ec4a935e51b4db,0.010642133931862797
ck_f04040a830f92bac,0.06311792887270924
ck_3e4d02a04be2aaf8,0.07044052756105534
ck_4d1baef193cfb900,0.06216535657957679
ck_0fb3153d37626b75,0.01071141269421675
ck_88ec57a11b11f702,0.530833397667272
ck_dca9dc465f759db4,0.007070259228441515
ck_64f5fba6af67e024,0.015408644688486087
ck_896096cb167254ef,0.034415129080080785
ck_7878679065876b98,0.053102115218917986
ck_fe8e5a6c880ceb4e,0.0026630463341101277
ck_a5e036327d3d1862,0.002170277009330013
ck_310f73940fc4cf4f,0.014670994713618685
ck_46a8db16ad00b749,0.00853441984285527
ck_0d33977c3de8cfaf,0.9717593315854371
ck_c6fff412f531db0f,0.00510260212358763
ck_bac6dadf428eaea9,0.016874589293742293
ck_1b96d9af0d7da2d5,0.005029279297923376
ck_fa8a4a9e77799fcc,0.003447737558543962
ck_0bf48607a874b4d1,0.02863251471819288
ck_eeb75f8a6439f65e,0.04734987215851169
ck_a209a5f7d172125e,0.016699634164333912
ck_8f346b72fb40bf14,0.001746820021507239
ck_bccbf9fef367f00f,0.022176778722951707
ck_2d1548f1ee405cc9,0.2100570630362022
ck_e8298ff2dc1e9d50,0.0025765062311499825
ck_77c0fb524edb4a94,0.01845705053326211
ck_28ac4c5134cb8e77,0.03495073068584234
ck_db23a0e3e54be60c,0.052628339260225934
ck_a059d00cee5cee99,0.029139123015935728
ck_3e9e3bba8bd363af,0.0259529195300992
ck_0428728df24cdab4,0.0020702435492766973
ck_88cd35378075c84f,0.0044264819541668665
ck_0174d76398d9dc0f,0.3666429877160874
ck_3f1287e6c27de0dc,0.01078829280741012
ck_ff822700f3605e06,0.9996958193283176
ck_4563227b2038ae07,0.06848295187283905
ck_788e78065526ee19,0.029434293028361543
ck_8a16eb584093b12f,0.022507439146526358
ck_cc276f71ab6c08fd,0.042574316781163656
ck_d61d97b21002f3e9,0.06996748746682013
ck_4b2e87d86a5e415c,0.08432405223676122
ck_3e6f35e4500d2f2a,0.003006380661589778
ck_3acdb083e0d8ad61,0.020503466647275134
ck_cd655202db489010,0.020091810031457005
ck_829cbf5ccda481ae,0.003291458184613678
ck_f5882e6f98b8b4cd,0.02039957843066827
ck_767947540b234add,0.013377609773254613
ck_a6e8e8f535b1f1d1,0.09495794929644967
ck_58412a2674fea506,0.013126416170045875
ck_fae7e518a585fa61,0.01774968665152173
ck_9c60ae6958d68dbd,0.27821820328432884
ck_328696b8f5e54ec6,0.11404274736564188
ck_7df3f8f4f1068d62,0.03795067514458649
ck_cfadd21458230ef7,0.010645352771221906
ck_7048bedd554c703b,0.02237655188257818
ck_50422466f145bfd7,0.0333405789210141
ck_61e1f7168cd9ff25,0.06610260169671324
ck_733aff0f56f5b3c9,0.056381109124701345
ck_e14892e424180549,0.01812792108578498
ck_03f6664a96de7d0f,0.015904892181417333
ck_b7f4baa2cc82fe61,0.004412591595499705
ck_1e51199a075ca0fa,0.0022708136364498963
ck_0e70516fa07cfb17,0.7782790096493175
ck_0f37c554a5057801,0.1215756297033878
ck_5576b725de38d106,0.005129021397765167
ck_82f360df1e9f4eb8,0.06229543144466472
ck_395f3bd4aacd7ca6,0.012068708538751376
ck_5e8e857b63966609,0.07497707306063292
ck_93470896f0804b6b,0.9417153788190126
ck_3be854e42e76569a,0.04311632143922456
ck_0567302c57a2417e,0.23469931893230878
ck_ee535461b5f05539,0.1199362771722166
ck_94a096c36162a153,0.013239228658563447
ck_dfc8f5c141fd7c63,0.014513352631299131
ck_98b34f2d704c1c2a,0.02496389063785418
ck_96dff7a09d45f116,0.030326144391642662
ck_79557434c129ba52,0.10793387385930443
ck_4596624a7c01d501,0.006115485587241883
ck_04e89fbd739243fa,0.007849815156866573
ck_6149ffaf18872dc8,0.0042155563050599075
ck_cd78f0832a09bd8f,0.03938865261465118
ck_7e29c10d781c3b41,0.025203396486684154
ck_1f7ee7b23fc6f2f4,0.010197481500703305
ck_c49b685d2b3ab89a,0.006460742883702772
ck_84569a8fc50e73ac,0.028679311446267158
ck_b92b11d205af91eb,0.006083038152243869
ck_06280e6d6d2485b0,0.004899782967060992
ck_3c08546dd0c92863,0.017066027038043642
ck_99d3983f907828bf,0.07292177196380796
ck_eccfd552aa652d3c,0.028169725660301893
ck_0cff8153881875ba,0.04716686866282995
ck_c1aebbeca6ab5ff9,0.004079802129115843
ck_538fdbbb3c2bcbbb,0.019328088189850642
ck_8c0210322733c718,0.0026486748186045016
ck_0b0c93039f987abc,0.012317791851531852
ck_6d07d6d1bd227d37,0.11241123047544295
ck_9b6ee35e8cd0b11c,0.015371636043696332
ck_d838491d3d4f5ecf,0.013037464972293487
ck_0593ae243a9ebee9,0.013678869401369696
ck_ef261fc09be8eb0b,0.004609531019341576
ck_d0935b571a4a3868,0.017600782691452106
ck_97d04a67a104af39,0.06284836869300503
ck_e25f70d0b7229420,0.007409673618860652
ck_9b71274ff83de482,0.9434887039680696
ck_6de2aa2bb60978d3,0.022695042665544986
ck_eda55c8fb47593d7,0.01088876121638649
ck_924e572517515f19,0.15741263278690315
ck_d6f27eacbad310f4,0.005360265386704677
ck_8550f229b5eb03ab,0.0032123465528395424
ck_e3e95546a84d0ed8,0.028283069183041673
ck_3135c019696ee6af,0.9736958922765261
ck_41ba315d8fccb559,0.006846683477095954
ck_72b86e4485da2d0f,0.9668913256497952
ck_daaa995f3c2f0e47,0.01581995205545039
ck_053746067839696b,0.004206586002807569
ck_a15fe7d0f4b65c33,0.5977328654808713
ck_15de11438732bb05,0.011932919677727236
ck_2c4d25acbe3fabd9,0.03661107032658631
ck_7f08078908599bd2,0.037929758251675424
ck_e794741742fb2619,0.10415590950704429
ck_238e53b6dee8c301,0.002108857751746287
ck_53a6a33060d5c8b8,0.023999491736115052
ck_0e0919292ad33472,0.5942761972506025
ck_d86ccf148c06c8c8,0.005450721506918465
ck_c881f26c9bf9ae42,0.8351790936517481
ck_4b0947bf94e9d847,0.0101507052200763
ck_e10ff5c38bd18470,0.016919245401099705
ck_b60de9e97aad9e45,0.5333171372505807
ck_190bc849e5ff5401,0.07728470147823732
ck_e7be077aa0b2632c,0.05259266842928347
ck_a51abde881ebeff3,0.03655477248935131
ck_2208392a9f6bd249,0.008612262952480701
ck_0259da8f109017e9,0.01810747249163045
ck_05e01ab9c95449da,0.03389123565785739
ck_c82897ebffb6ae66,0.006422048166885798
ck_b4a6bb4689cd7cfa,0.00980498030424579
ck_9e21ea33018ce538,0.008509389600801066
ck_caa348f0e65db062,0.7291681665543306
ck_a964e6b5d8415334,0.26870602268872723
ck_510bfbbee37ff436,0.003213646515038166
ck_9741a82faf5c7889,0.039865524858972885
ck_e7f61b4a39ba98ac,0.012927083576105305
ck_069d158665a53909,0.023706652697756153
ck_6426427efe3228af,0.04314500250868187
ck_ab4a8d02ec3c0fd7,0.004203266412214934
ck_aefa0d8d933e0eca,0.01754661230011317
ck_232325ef6bce92f1,0.007805352002896287
ck_14e58c3fb26a2b4d,0.013468220434716457
ck_06e73afdec26aecc,0.08539647250581373
ck_3168f4f2778d64e1,0.011069008822490047
ck_ff3998d6858daa21,0.0066488347078644885
ck_bccff46fb0868454,0.11707285888240575
ck_c7d444d90fa86d7c,0.7610324281438245
ck_f0bc3bdee6bfbb94,0.02992107958250781
ck_f7112818a6d81422,0.029097346534337914
ck_aca35dbcb835ad02,0.040724449725282795
ck_f637fabf0f60528f,0.08895598525479885
ck_53d17ab97de1ac3e,0.056650974658772446
ck_c8c1bf16d9113493,0.025397550080967324
ck_e842fb0cf055a83b,0.043491907717895024
ck_93c0cb3dac4891fe,0.0069807109981123655
ck_0c1f088e17e46daf,0.06910532332599689
ck_8f4b384955bf57c9,0.0062827664572139424
ck_09cd5c4df1e81ac2,0.0308835800380332
ck_1e832a5b2342554f,0.03485688943245227
ck_2cb763a881aee27f,0.0013202163823511366
ck_5875828b11406398,0.021430749714003893
ck_48e84b0cb0b90fa7,0.018203378476725308
ck_833688de8629c5c0,0.004714044908296466
ck_117d78ccd5820f36,0.0053784881198035385
ck_668ec61c4c39cae3,0.004645028951785516
ck_73a7794b659d7a34,0.03793759866928261
ck_10f90d879209734f,0.004446286189295785
ck_d1d079913aa158bf,0.02247432338242199
ck_01c631b38e8a9535,0.02229267509853583
ck_f6923088c17a04e2,0.13874514863097825
ck_b447badc9138987d,0.005710423792921988
ck_8b772caed8f1541c,0.003813745968099184
ck_5403c76fe68a08ba,0.15838228578271302
ck_3e6833574edf1736,0.0083310613627783
ck_e527fbb9450a4581,0.3718550560526172
ck_cc90e219f1ebf390,0.0017161852956555864
